utcTimeStamp,PTID,HourAvgLoad,temperature
10/7/2015 5:00:00 AM,61762,1758.217,81.956
10/7/2015 6:00:00 AM,61762,1989.733,82.281
10/7/2015 7:00:00 AM,61762,2171.6,81.553
10/7/2015 8:00:00 AM,61762,2269.758,80.903
10/7/2015 9:00:00 AM,61762,2344.342,82.229
10/7/2015 10:00:00 AM,61762,2405.433,83.958
10/7/2015 11:00:00 AM,61762,2435.758,85.206
10/7/2015 12:00:00 PM,61762,2450.55,87.052
10/7/2015 1:00:00 PM,61762,2463.958,87.91
10/7/2015 2:00:00 PM,61762,2501.967,88.313
10/7/2015 3:00:00 PM,61762,2522.758,89.873
10/7/2015 4:00:00 PM,61762,2549.858,89.366
10/7/2015 5:00:00 PM,61762,2553.658,88.469
10/7/2015 6:00:00 PM,61762,2636.933,87.143
10/7/2015 7:00:00 PM,61762,2729.567,84.556
10/7/2015 8:00:00 PM,61762,2628.575,81.423
10/7/2015 9:00:00 PM,61762,2451.775,79.746
10/7/2015 10:00:00 PM,61762,2201.375,80.019
10/7/2015 11:00:00 PM,61762,1954.017,78.784
10/8/2015 12:00:00 AM,61762,1768.792,77.094
10/8/2015 1:00:00 AM,61762,1655.7,74.533
10/8/2015 2:00:00 AM,61762,1589.433,72.128
10/8/2015 3:00:00 AM,61762,1555.975,68.345
10/8/2015 4:00:00 AM,61762,1583.5,64.9
10/8/2015 5:00:00 AM,61762,1680.883,65.719
10/8/2015 6:00:00 AM,61762,1906.867,64.796
10/8/2015 7:00:00 AM,61762,2056.625,66.135
10/8/2015 8:00:00 AM,61762,2138.358,68.124
10/8/2015 9:00:00 AM,61762,2206.233,72.57
10/8/2015 10:00:00 AM,61762,2261.1,75.612
10/8/2015 11:00:00 AM,61762,2284.417,77.809
10/8/2015 12:00:00 PM,61762,2295.058,79.876
10/8/2015 1:00:00 PM,61762,2306.275,81.098
10/8/2015 2:00:00 PM,61762,2321.167,81.657
10/8/2015 3:00:00 PM,61762,2311.675,81.657
10/8/2015 4:00:00 PM,61762,2341.7,82.411
10/8/2015 5:00:00 PM,61762,2398.467,82.71
10/8/2015 6:00:00 PM,61762,2547.258,82.268
10/8/2015 7:00:00 PM,61762,2620.142,81.592
10/8/2015 8:00:00 PM,61762,2535.392,78.784
10/8/2015 9:00:00 PM,61762,2367.95,76.821
10/8/2015 10:00:00 PM,61762,2141.492,75.222
10/8/2015 11:00:00 PM,61762,1899.3,72.661
10/9/2015 12:00:00 AM,61762,1723.358,71.543
10/9/2015 1:00:00 AM,61762,1618.592,71.426
10/9/2015 2:00:00 AM,61762,1564.667,67.578
10/9/2015 3:00:00 AM,61762,1539.783,65.381
10/9/2015 4:00:00 AM,61762,1561.658,62.183
10/9/2015 5:00:00 AM,61762,1660.458,61.819
10/9/2015 6:00:00 AM,61762,1886.042,59.154
10/9/2015 7:00:00 AM,61762,2045.142,58.582
10/9/2015 8:00:00 AM,61762,2138.4,61.585
10/9/2015 9:00:00 AM,61762,2193.417,69.229
10/9/2015 10:00:00 AM,61762,2243.133,72.427
10/9/2015 11:00:00 AM,61762,2269.825,75.547
10/9/2015 12:00:00 PM,61762,2281.892,75.781
10/9/2015 1:00:00 PM,61762,2269.333,75.313
10/9/2015 2:00:00 PM,61762,2262.017,76.756
10/9/2015 3:00:00 PM,61762,2269.5,76.691
10/9/2015 4:00:00 PM,61762,2293.783,76.353
10/9/2015 5:00:00 PM,61762,2369.858,75.456
10/9/2015 6:00:00 PM,61762,2505.817,74.559
10/9/2015 7:00:00 PM,61762,2512.775,74.338
10/9/2015 8:00:00 PM,61762,2428.608,73.259
10/9/2015 9:00:00 PM,61762,2306.033,72.349
10/9/2015 10:00:00 PM,61762,2121.408,71.244
10/9/2015 11:00:00 PM,61762,1923.133,69.944
10/10/2015 12:00:00 AM,61762,1756.133,69.671
10/10/2015 1:00:00 AM,61762,1654.358,69.671
10/10/2015 2:00:00 AM,61762,1581.092,69.281
10/10/2015 3:00:00 AM,61762,1547.542,68.592
10/10/2015 4:00:00 AM,61762,1547.142,66.551
10/10/2015 5:00:00 AM,61762,1576.558,65.862
10/10/2015 6:00:00 AM,61762,1661.067,64.64
10/10/2015 7:00:00 AM,61762,1779.75,64.419
10/10/2015 8:00:00 AM,61762,1949.225,63.769
10/10/2015 9:00:00 AM,61762,2120.942,64.705
10/10/2015 10:00:00 AM,61762,2241.208,64.224
10/10/2015 11:00:00 AM,61762,2288.7,64.042
10/10/2015 12:00:00 PM,61762,2297.475,64.445
10/10/2015 1:00:00 PM,61762,2259.942,65.303
10/10/2015 2:00:00 PM,61762,2213.092,65.186
10/10/2015 3:00:00 PM,61762,2166.983,65.771
10/10/2015 4:00:00 PM,61762,2148.467,66.421
10/10/2015 5:00:00 PM,61762,2197.667,66.967
10/10/2015 6:00:00 PM,61762,2326.575,65.81
10/10/2015 7:00:00 PM,61762,2382.95,65.03
10/10/2015 8:00:00 PM,61762,2322.575,63.223
10/10/2015 9:00:00 PM,61762,2238.033,60.818
10/10/2015 10:00:00 PM,61762,2082.875,59.739
10/10/2015 11:00:00 PM,61762,1910.775,58.634
10/11/2015 12:00:00 AM,61762,1746.558,59.141
10/11/2015 1:00:00 AM,61762,1637.617,59.375
10/11/2015 2:00:00 AM,61762,1562.6,60.311
10/11/2015 3:00:00 AM,61762,1525.617,59.089
10/11/2015 4:00:00 AM,61762,1518.742,59.193
10/11/2015 5:00:00 AM,61762,1527.908,58.14
10/11/2015 6:00:00 AM,61762,1589.542,58.218
10/11/2015 7:00:00 AM,61762,1634.083,57.36
10/11/2015 8:00:00 AM,61762,1761.292,60.116
10/11/2015 9:00:00 AM,61762,1882.708,63.431
10/11/2015 10:00:00 AM,61762,1938.425,67.019
10/11/2015 11:00:00 AM,61762,1974.05,70.776
10/11/2015 12:00:00 PM,61762,1964.783,74
10/11/2015 1:00:00 PM,61762,1950.142,74
10/11/2015 2:00:00 PM,61762,1952.033,76.08
10/11/2015 3:00:00 PM,61762,1960.15,75.04
10/11/2015 4:00:00 PM,61762,2003.025,74.286
10/11/2015 5:00:00 PM,61762,2069.242,73.792
10/11/2015 6:00:00 PM,61762,2229.508,72.583
10/11/2015 7:00:00 PM,61762,2353.533,67.825
10/11/2015 8:00:00 PM,61762,2305.092,65.55
10/11/2015 9:00:00 PM,61762,2198.433,63.821
10/11/2015 10:00:00 PM,61762,2047.775,62.053
10/11/2015 11:00:00 PM,61762,1857.992,59.609
10/12/2015 12:00:00 AM,61762,1706.917,57.724
10/12/2015 1:00:00 AM,61762,1605.108,57.529
10/12/2015 2:00:00 AM,61762,1562.767,56.684
10/12/2015 3:00:00 AM,61762,1541.008,56.333
10/12/2015 4:00:00 AM,61762,1557.792,56.931
10/12/2015 5:00:00 AM,61762,1632.125,58.751
10/12/2015 6:00:00 AM,61762,1780.492,60.363
10/12/2015 7:00:00 AM,61762,1937.008,62.313
10/12/2015 8:00:00 AM,61762,2095.442,64.302
10/12/2015 9:00:00 AM,61762,2221.042,66.447
10/12/2015 10:00:00 AM,61762,2309.05,71.985
10/12/2015 11:00:00 AM,61762,2350.05,75.261
10/12/2015 12:00:00 PM,61762,2359.325,76.808
10/12/2015 1:00:00 PM,61762,2348.617,78.212
10/12/2015 2:00:00 PM,61762,2348.658,78.875
10/12/2015 3:00:00 PM,61762,2356.883,79.564
10/12/2015 4:00:00 PM,61762,2403.867,79.46
10/12/2015 5:00:00 PM,61762,2506.817,79.382
10/12/2015 6:00:00 PM,61762,2642.942,78.55
10/12/2015 7:00:00 PM,61762,2667.717,77.146
10/12/2015 8:00:00 PM,61762,2571.625,77.614
10/12/2015 9:00:00 PM,61762,2419.875,77.276
10/12/2015 10:00:00 PM,61762,2180.1,77.003
10/12/2015 11:00:00 PM,61762,1937.708,76.821
10/13/2015 12:00:00 AM,61762,1769.325,77.51
10/13/2015 1:00:00 AM,61762,1672.092,78.407
10/13/2015 2:00:00 AM,61762,1617.25,79.85
10/13/2015 3:00:00 AM,61762,1592.75,80.331
10/13/2015 4:00:00 AM,61762,1614.617,80.513
10/13/2015 5:00:00 AM,61762,1726.3,80.734
10/13/2015 6:00:00 AM,61762,1977.65,80.617
10/13/2015 7:00:00 AM,61762,2172.475,80.981
10/13/2015 8:00:00 AM,61762,2287.5,82.164
10/13/2015 9:00:00 AM,61762,2357.25,83.282
10/13/2015 10:00:00 AM,61762,2430.05,86.636
10/13/2015 11:00:00 AM,61762,2478.867,89.275
10/13/2015 12:00:00 PM,61762,2509.4,90.64
10/13/2015 1:00:00 PM,61762,2552.833,91.758
10/13/2015 2:00:00 PM,61762,2581.033,92.122
10/13/2015 3:00:00 PM,61762,2611.125,91.628
10/13/2015 4:00:00 PM,61762,2623.717,90.497
10/13/2015 5:00:00 PM,61762,2646.375,89.067
10/13/2015 6:00:00 PM,61762,2810.567,87.442
10/13/2015 7:00:00 PM,61762,2887.85,86.22
10/13/2015 8:00:00 PM,61762,2793.567,85.492
10/13/2015 9:00:00 PM,61762,2621.142,85.388
10/13/2015 10:00:00 PM,61762,2366.833,85.141
10/13/2015 11:00:00 PM,61762,2119.417,84.868
10/14/2015 12:00:00 AM,61762,1925.4,85.323
10/14/2015 1:00:00 AM,61762,1815.375,85.492
10/14/2015 2:00:00 AM,61762,1753.283,86.207
10/14/2015 3:00:00 AM,61762,1722.933,85.388
10/14/2015 4:00:00 AM,61762,1738.817,85.388
10/14/2015 5:00:00 AM,61762,1845.567,85.674
10/14/2015 6:00:00 AM,61762,2091.967,85.57
10/14/2015 7:00:00 AM,61762,2286.458,85.518
10/14/2015 8:00:00 AM,61762,2399.6,86.025
10/14/2015 9:00:00 AM,61762,2503.633,87.949
10/14/2015 10:00:00 AM,61762,2610.267,90.146
10/14/2015 11:00:00 AM,61762,2675.183,91.264
10/14/2015 12:00:00 PM,61762,2712.708,92.408
10/14/2015 1:00:00 PM,61762,2740.067,92.772
10/14/2015 2:00:00 PM,61762,2778.583,91.875
10/14/2015 3:00:00 PM,61762,2792.45,92.603
10/14/2015 4:00:00 PM,61762,2813.417,92.33
10/14/2015 5:00:00 PM,61762,2856.325,90.588
10/14/2015 6:00:00 PM,61762,3031.933,89.392
10/14/2015 7:00:00 PM,61762,3067.075,88.3
10/14/2015 8:00:00 PM,61762,2973.892,88.638
10/14/2015 9:00:00 PM,61762,2795.792,88.755
10/14/2015 10:00:00 PM,61762,2538.858,88.274
10/14/2015 11:00:00 PM,61762,2274.9,87.923
10/15/2015 12:00:00 AM,61762,2064.967,87.403
10/15/2015 1:00:00 AM,61762,1936.4,87.052
10/15/2015 2:00:00 AM,61762,1864.408,86.818
10/15/2015 3:00:00 AM,61762,1825.533,87.052
10/15/2015 4:00:00 AM,61762,1836.85,86.818
10/15/2015 5:00:00 AM,61762,1939.025,86.818
10/15/2015 6:00:00 AM,61762,2183.15,86.35
10/15/2015 7:00:00 AM,61762,2398.117,85.674
10/15/2015 8:00:00 AM,61762,2515.125,85.024
10/15/2015 9:00:00 AM,61762,2609.233,84.452
10/15/2015 10:00:00 AM,61762,2697.092,84.907
10/15/2015 11:00:00 AM,61762,2689.692,83.438
10/15/2015 12:00:00 PM,61762,2644.7,80.669
10/15/2015 1:00:00 PM,61762,2621.65,80.942
10/15/2015 2:00:00 PM,61762,2609.325,81.878
10/15/2015 3:00:00 PM,61762,2602.9,82.541
10/15/2015 4:00:00 PM,61762,2602.6,82.71
10/15/2015 5:00:00 PM,61762,2618.342,82.749
10/15/2015 6:00:00 PM,61762,2739.183,81.41
10/15/2015 7:00:00 PM,61762,2817.917,79.577
10/15/2015 8:00:00 PM,61762,2721.417,79.356
10/15/2015 9:00:00 PM,61762,2555.367,79.356
10/15/2015 10:00:00 PM,61762,2313.642,79.603
10/15/2015 11:00:00 PM,61762,2073.583,78.303
10/16/2015 12:00:00 AM,61762,1864.45,77.887
10/16/2015 1:00:00 AM,61762,1743.258,76.756
10/16/2015 2:00:00 AM,61762,1668.375,75.365
10/16/2015 3:00:00 AM,61762,1628,74.611
10/16/2015 4:00:00 AM,61762,1637.233,73.779
10/16/2015 5:00:00 AM,61762,1731.467,73.987
10/16/2015 6:00:00 AM,61762,1962.4,73.376
10/16/2015 7:00:00 AM,61762,2120.533,73.116
10/16/2015 8:00:00 AM,61762,2222.817,72.947
10/16/2015 9:00:00 AM,61762,2298.15,76.171
10/16/2015 10:00:00 AM,61762,2374.45,79.044
10/16/2015 11:00:00 AM,61762,2423.867,81.891
10/16/2015 12:00:00 PM,61762,2445.583,83.984
10/16/2015 1:00:00 PM,61762,2463.142,84.777
10/16/2015 2:00:00 PM,61762,2495.767,85.284
10/16/2015 3:00:00 PM,61762,2511.267,86.051
10/16/2015 4:00:00 PM,61762,2512.492,85.557
10/16/2015 5:00:00 PM,61762,2499.1,84.231
10/16/2015 6:00:00 PM,61762,2622.733,81.956
10/16/2015 7:00:00 PM,61762,2659.275,80.656
10/16/2015 8:00:00 PM,61762,2573.367,80.253
10/16/2015 9:00:00 PM,61762,2437.117,80.253
10/16/2015 10:00:00 PM,61762,2258.258,80.474
10/16/2015 11:00:00 PM,61762,2048.517,80.006
10/17/2015 12:00:00 AM,61762,1861.133,79.603
10/17/2015 1:00:00 AM,61762,1731.175,78.953
10/17/2015 2:00:00 AM,61762,1651.975,77.367
10/17/2015 3:00:00 AM,61762,1607.317,77.406
10/17/2015 4:00:00 AM,61762,1603.408,77.406
10/17/2015 5:00:00 AM,61762,1633.2,77.432
10/17/2015 6:00:00 AM,61762,1724.283,77.25
10/17/2015 7:00:00 AM,61762,1819.717,77.042
10/17/2015 8:00:00 AM,61762,1977.942,77.432
10/17/2015 9:00:00 AM,61762,2131.792,79.434
10/17/2015 10:00:00 AM,61762,2227.492,79.486
10/17/2015 11:00:00 AM,61762,2272.233,80.123
10/17/2015 12:00:00 PM,61762,2257.842,80.825
10/17/2015 1:00:00 PM,61762,2233.625,83.698
10/17/2015 2:00:00 PM,61762,2221.092,85.362
10/17/2015 3:00:00 PM,61762,2203.667,85.583
10/17/2015 4:00:00 PM,61762,2216.392,85.557
10/17/2015 5:00:00 PM,61762,2258.933,82.684
10/17/2015 6:00:00 PM,61762,2412.258,80.058
10/17/2015 7:00:00 PM,61762,2437.983,77.679
10/17/2015 8:00:00 PM,61762,2362.058,76.379
10/17/2015 9:00:00 PM,61762,2259.842,75.079
10/17/2015 10:00:00 PM,61762,2109.183,73.558
10/17/2015 11:00:00 PM,61762,1934.925,72.765
10/18/2015 12:00:00 AM,61762,1776.375,71.465
10/18/2015 1:00:00 AM,61762,1655.933,70.373
10/18/2015 2:00:00 AM,61762,1584.758,68.774
10/18/2015 3:00:00 AM,61762,1537.1,68.501
10/18/2015 4:00:00 AM,61762,1530.167,68.8
10/18/2015 5:00:00 AM,61762,1538.65,67.565
10/18/2015 6:00:00 AM,61762,1595.8,67.565
10/18/2015 7:00:00 AM,61762,1653.55,66.005
10/18/2015 8:00:00 AM,61762,1771.108,64.588
10/18/2015 9:00:00 AM,61762,1906.592,64.016
10/18/2015 10:00:00 AM,61762,1988.558,64.016
10/18/2015 11:00:00 AM,61762,2020.467,65.836
10/18/2015 12:00:00 PM,61762,2022.392,66.278
10/18/2015 1:00:00 PM,61762,2022.883,68.241
10/18/2015 2:00:00 PM,61762,2008.842,68.241
10/18/2015 3:00:00 PM,61762,2010.308,68.384
10/18/2015 4:00:00 PM,61762,2056.367,66.72
10/18/2015 5:00:00 PM,61762,2148.475,64.679
10/18/2015 6:00:00 PM,61762,2359.975,61.91
10/18/2015 7:00:00 PM,61762,2429.442,59.375
10/18/2015 8:00:00 PM,61762,2367.058,57.854
10/18/2015 9:00:00 PM,61762,2236.667,55.969
10/18/2015 10:00:00 PM,61762,2057.558,54.448
10/18/2015 11:00:00 PM,61762,1849.95,53.096
10/19/2015 12:00:00 AM,61762,1688.217,52.875
10/19/2015 1:00:00 AM,61762,1592.217,52.29
10/19/2015 2:00:00 AM,61762,1546.358,51.497
10/19/2015 3:00:00 AM,61762,1534.667,49.313
10/19/2015 4:00:00 AM,61762,1570.417,49.092
10/19/2015 5:00:00 AM,61762,1687.992,48.65
10/19/2015 6:00:00 AM,61762,1952.233,48.078
10/19/2015 7:00:00 AM,61762,2158.175,48.871
10/19/2015 8:00:00 AM,61762,2226.333,49.196
10/19/2015 9:00:00 AM,61762,2247.608,55.267
10/19/2015 10:00:00 AM,61762,2274.35,60.168
10/19/2015 11:00:00 AM,61762,2277.483,62.248
10/19/2015 12:00:00 PM,61762,2269.008,64.484
10/19/2015 1:00:00 PM,61762,2237.867,66.668
10/19/2015 2:00:00 PM,61762,2223.708,69.047
10/19/2015 3:00:00 PM,61762,2226.875,71.413
10/19/2015 4:00:00 PM,61762,2282.942,72.219
10/19/2015 5:00:00 PM,61762,2354.408,72.219
10/19/2015 6:00:00 PM,61762,2578.317,71.374
10/19/2015 7:00:00 PM,61762,2635.408,70.659
10/19/2015 8:00:00 PM,61762,2551.075,70.568
10/19/2015 9:00:00 PM,61762,2397.067,71.699
10/19/2015 10:00:00 PM,61762,2163.55,71.036
10/19/2015 11:00:00 PM,61762,1923.475,72.557
10/20/2015 12:00:00 AM,61762,1739.558,71.712
10/20/2015 1:00:00 AM,61762,1642.817,71.244
10/20/2015 2:00:00 AM,61762,1584.692,67.942
10/20/2015 3:00:00 AM,61762,1558.5,64.588
10/20/2015 4:00:00 AM,61762,1581.9,63.262
10/20/2015 5:00:00 AM,61762,1686.867,64.237
10/20/2015 6:00:00 AM,61762,1934.65,64.016
10/20/2015 7:00:00 AM,61762,2143.158,64.198
10/20/2015 8:00:00 AM,61762,2199.475,64.913
10/20/2015 9:00:00 AM,61762,2228.875,69.086
10/20/2015 10:00:00 AM,61762,2271,73.779
10/20/2015 11:00:00 AM,61762,2280.283,79.044
10/20/2015 12:00:00 PM,61762,2289.208,81.28
10/20/2015 1:00:00 PM,61762,2289.692,82.372
10/20/2015 2:00:00 PM,61762,2327.233,79.954
10/20/2015 3:00:00 PM,61762,2358.808,78.134
10/20/2015 4:00:00 PM,61762,2394.892,77.12
10/20/2015 5:00:00 PM,61762,2421.217,76.717
10/20/2015 6:00:00 PM,61762,2581.217,75.131
10/20/2015 7:00:00 PM,61762,2617.492,73.272
10/20/2015 8:00:00 PM,61762,2524.958,72.31
10/20/2015 9:00:00 PM,61762,2367.675,70.399
10/20/2015 10:00:00 PM,61762,2136.583,69.671
10/20/2015 11:00:00 PM,61762,1891.35,69.801
10/21/2015 12:00:00 AM,61762,1716.008,70.737
10/21/2015 1:00:00 AM,61762,1620.333,71.166
10/21/2015 2:00:00 AM,61762,1559.958,71.088
10/21/2015 3:00:00 AM,61762,1531.95,70.906
10/21/2015 4:00:00 AM,61762,1554.95,70.438
10/21/2015 5:00:00 AM,61762,1661.617,69.788
10/21/2015 6:00:00 AM,61762,1901.133,69.788
10/21/2015 7:00:00 AM,61762,2143.317,69.385
10/21/2015 8:00:00 AM,61762,2242.708,68.202
10/21/2015 9:00:00 AM,61762,2308.683,68.202
10/21/2015 10:00:00 AM,61762,2359.808,67.981
10/21/2015 11:00:00 AM,61762,2377.6,68.813
10/21/2015 12:00:00 PM,61762,2387.308,70.321
10/21/2015 1:00:00 PM,61762,2379.275,70.152
10/21/2015 2:00:00 PM,61762,2372.358,69.892
10/21/2015 3:00:00 PM,61762,2379.575,68.566
10/21/2015 4:00:00 PM,61762,2448.3,67.695
10/21/2015 5:00:00 PM,61762,2550.9,66.044
10/21/2015 6:00:00 PM,61762,2671.217,65.381
10/21/2015 7:00:00 PM,61762,2649.958,64.913
10/21/2015 8:00:00 PM,61762,2558.158,64.302
10/21/2015 9:00:00 PM,61762,2392.6,64.315
10/21/2015 10:00:00 PM,61762,2165.333,63.08
10/21/2015 11:00:00 PM,61762,1928.067,63.652
10/22/2015 12:00:00 AM,61762,1750.567,64.549
10/22/2015 1:00:00 AM,61762,1647.325,64.822
10/22/2015 2:00:00 AM,61762,1591.558,64.991
10/22/2015 3:00:00 AM,61762,1562.383,64.38
10/22/2015 4:00:00 AM,61762,1581.675,63.691
10/22/2015 5:00:00 AM,61762,1684.333,63.795
10/22/2015 6:00:00 AM,61762,1930.808,64.159
10/22/2015 7:00:00 AM,61762,2151.55,63.574
10/22/2015 8:00:00 AM,61762,2241.075,63.496
10/22/2015 9:00:00 AM,61762,2306.575,63.847
10/22/2015 10:00:00 AM,61762,2351.192,64.991
10/22/2015 11:00:00 AM,61762,2376.95,65.641
10/22/2015 12:00:00 PM,61762,2364.492,65.004
10/22/2015 1:00:00 PM,61762,2356.433,64.211
10/22/2015 2:00:00 PM,61762,2348.258,62.911
10/22/2015 3:00:00 PM,61762,2346,64.861
10/22/2015 4:00:00 PM,61762,2396.567,66.031
10/22/2015 5:00:00 PM,61762,2504.917,65.199
10/22/2015 6:00:00 PM,61762,2668.95,64.848
10/22/2015 7:00:00 PM,61762,2661.408,63.977
10/22/2015 8:00:00 PM,61762,2574.65,64.406
10/22/2015 9:00:00 PM,61762,2425.167,63.977
10/22/2015 10:00:00 PM,61762,2198.7,62.391
10/22/2015 11:00:00 PM,61762,1958.433,62.716
10/23/2015 12:00:00 AM,61762,1766.225,62.716
10/23/2015 1:00:00 AM,61762,1661.508,62.3
10/23/2015 2:00:00 AM,61762,1598.683,63.444
10/23/2015 3:00:00 AM,61762,1573.142,63.444
10/23/2015 4:00:00 AM,61762,1587.442,63.21
10/23/2015 5:00:00 AM,61762,1690.525,63.21
10/23/2015 6:00:00 AM,61762,1931.367,62.755
10/23/2015 7:00:00 AM,61762,2135.292,62.17
10/23/2015 8:00:00 AM,61762,2231.408,61.962
10/23/2015 9:00:00 AM,61762,2285.792,61.91
10/23/2015 10:00:00 AM,61762,2319.017,63.457
10/23/2015 11:00:00 AM,61762,2307.058,66.369
10/23/2015 12:00:00 PM,61762,2296.7,68.41
10/23/2015 1:00:00 PM,61762,2290.592,68.709
10/23/2015 2:00:00 PM,61762,2284.85,69.06
10/23/2015 3:00:00 PM,61762,2285.8,70.113
10/23/2015 4:00:00 PM,61762,2309.108,69.931
10/23/2015 5:00:00 PM,61762,2357.242,69.931
10/23/2015 6:00:00 PM,61762,2539.692,69.216
10/23/2015 7:00:00 PM,61762,2533.708,68.813
10/23/2015 8:00:00 PM,61762,2454.425,68.215
10/23/2015 9:00:00 PM,61762,2338.2,65.654
10/23/2015 10:00:00 PM,61762,2174.075,64.835
10/23/2015 11:00:00 PM,61762,1972.242,63.925
10/24/2015 12:00:00 AM,61762,1796.917,63.548
10/24/2015 1:00:00 AM,61762,1681.025,62.807
10/24/2015 2:00:00 AM,61762,1608.975,62.43
10/24/2015 3:00:00 AM,61762,1563.875,62.001
10/24/2015 4:00:00 AM,61762,1563.942,60.415
10/24/2015 5:00:00 AM,61762,1598.55,60.064
10/24/2015 6:00:00 AM,61762,1694.225,58.946
10/24/2015 7:00:00 AM,61762,1801.417,58.764
10/24/2015 8:00:00 AM,61762,1941.092,60.025
10/24/2015 9:00:00 AM,61762,2055.883,64.25
10/24/2015 10:00:00 AM,61762,2102.842,67.786
10/24/2015 11:00:00 AM,61762,2102.633,72.284
10/24/2015 12:00:00 PM,61762,2081.475,74.806
10/24/2015 1:00:00 PM,61762,2056.983,77.12
10/24/2015 2:00:00 PM,61762,2043.433,79.772
10/24/2015 3:00:00 PM,61762,2037.15,79.798
10/24/2015 4:00:00 PM,61762,2061.633,80.864
10/24/2015 5:00:00 PM,61762,2126.783,79.525
10/24/2015 6:00:00 PM,61762,2333.175,77.627
10/24/2015 7:00:00 PM,61762,2368.8,76.522
10/24/2015 8:00:00 PM,61762,2307.842,76.002
10/24/2015 9:00:00 PM,61762,2221.117,75.391
10/24/2015 10:00:00 PM,61762,2081.275,76.327
10/24/2015 11:00:00 PM,61762,1911.475,76.106
10/25/2015 12:00:00 AM,61762,1750.592,75.157
10/25/2015 1:00:00 AM,61762,1633.958,74.923
10/25/2015 2:00:00 AM,61762,1556.867,74.442
10/25/2015 3:00:00 AM,61762,1511.042,72.141
10/25/2015 4:00:00 AM,61762,1508.475,69.749
10/25/2015 5:00:00 AM,61762,1522.8,68.267
10/25/2015 6:00:00 AM,61762,1580.85,65.29
10/25/2015 7:00:00 AM,61762,1634.317,65.251
10/25/2015 8:00:00 AM,61762,1748.192,65.862
10/25/2015 9:00:00 AM,61762,1871.308,68.189
10/25/2015 10:00:00 AM,61762,1960.317,70.568
10/25/2015 11:00:00 AM,61762,2028.358,71.426
10/25/2015 12:00:00 PM,61762,2023.675,73.376
10/25/2015 1:00:00 PM,61762,2007.125,73.194
10/25/2015 2:00:00 PM,61762,2002.433,73.805
10/25/2015 3:00:00 PM,61762,2014.475,74.39
10/25/2015 4:00:00 PM,61762,2067.183,74.507
10/25/2015 5:00:00 PM,61762,2163.7,72.453
10/25/2015 6:00:00 PM,61762,2376.075,70.152
10/25/2015 7:00:00 PM,61762,2417.242,69.073
10/25/2015 8:00:00 PM,61762,2359.642,68.93
10/25/2015 9:00:00 PM,61762,2225.467,67.851
10/25/2015 10:00:00 PM,61762,2034.792,66.811
10/25/2015 11:00:00 PM,61762,1827.083,66.369
10/26/2015 12:00:00 AM,61762,1682.617,66.369
10/26/2015 1:00:00 AM,61762,1575.383,65.979
10/26/2015 2:00:00 AM,61762,1538.508,64.9
10/26/2015 3:00:00 AM,61762,1516.625,61.598
10/26/2015 4:00:00 AM,61762,1546.625,59.934
10/26/2015 5:00:00 AM,61762,1661.467,61.728
10/26/2015 6:00:00 AM,61762,1913.25,62.079
10/26/2015 7:00:00 AM,61762,2123.742,60.818
10/26/2015 8:00:00 AM,61762,2179.758,61.598
10/26/2015 9:00:00 AM,61762,2215.192,64.081
10/26/2015 10:00:00 AM,61762,2243.692,66.837
10/26/2015 11:00:00 AM,61762,2243.25,69.541
10/26/2015 12:00:00 PM,61762,2233.258,71.738
10/26/2015 1:00:00 PM,61762,2219.342,73.22
10/26/2015 2:00:00 PM,61762,2218.658,75.378
10/26/2015 3:00:00 PM,61762,2234.225,76.262
10/26/2015 4:00:00 PM,61762,2272.942,77.354
10/26/2015 5:00:00 PM,61762,2367.675,77.497
10/26/2015 6:00:00 PM,61762,2598.142,73.87
10/26/2015 7:00:00 PM,61762,2609.967,69.333
10/26/2015 8:00:00 PM,61762,2527.142,67.175
10/26/2015 9:00:00 PM,61762,2368.942,63.379
10/26/2015 10:00:00 PM,61762,2139.975,62.703
10/26/2015 11:00:00 PM,61762,1905.475,61.624
10/27/2015 12:00:00 AM,61762,1728.3,58.985
10/27/2015 1:00:00 AM,61762,1625.15,57.659
10/27/2015 2:00:00 AM,61762,1571.842,58.478
10/27/2015 3:00:00 AM,61762,1537.108,57.503
10/27/2015 4:00:00 AM,61762,1569.425,56.853
10/27/2015 5:00:00 AM,61762,1682.4,57.971
10/27/2015 6:00:00 AM,61762,1946.267,58.361
10/27/2015 7:00:00 AM,61762,2137.142,59.414
10/27/2015 8:00:00 AM,61762,2190.975,64.965
10/27/2015 9:00:00 AM,61762,2229.108,73.142
10/27/2015 10:00:00 AM,61762,2258.333,77.38
10/27/2015 11:00:00 AM,61762,2268.783,79.681
10/27/2015 12:00:00 PM,61762,2266.8,79.902
10/27/2015 1:00:00 PM,61762,2259.575,81.592
10/27/2015 2:00:00 PM,61762,2279.042,81.527
10/27/2015 3:00:00 PM,61762,2289.65,82.567
10/27/2015 4:00:00 PM,61762,2323.7,81.462
10/27/2015 5:00:00 PM,61762,2404.442,79.486
10/27/2015 6:00:00 PM,61762,2628.8,76.808
10/27/2015 7:00:00 PM,61762,2635.133,76.626
10/27/2015 8:00:00 PM,61762,2542.925,76.795
10/27/2015 9:00:00 PM,61762,2389.192,75.755
10/27/2015 10:00:00 PM,61762,2159.583,76.821
10/27/2015 11:00:00 PM,61762,1915.325,75.716
10/28/2015 12:00:00 AM,61762,1728.008,74.234
10/28/2015 1:00:00 AM,61762,1630.067,74.065
10/28/2015 2:00:00 AM,61762,1560.167,74.585
10/28/2015 3:00:00 AM,61762,1534.883,73.584
10/28/2015 4:00:00 AM,61762,1554.85,74.455
10/28/2015 5:00:00 AM,61762,1666.042,73.623
10/28/2015 6:00:00 AM,61762,1907.108,73.584
10/28/2015 7:00:00 AM,61762,2125.542,72.895
10/28/2015 8:00:00 AM,61762,2192.483,73.532
10/28/2015 9:00:00 AM,61762,2233.95,76.275
10/28/2015 10:00:00 AM,61762,2306.708,79.837
10/28/2015 11:00:00 AM,61762,2327.017,80.409
10/28/2015 12:00:00 PM,61762,2331.55,81.709
10/28/2015 1:00:00 PM,61762,2337.65,83.113
10/28/2015 2:00:00 PM,61762,2360.458,85.531
10/28/2015 3:00:00 PM,61762,2378.458,86.792
10/28/2015 4:00:00 PM,61762,2411.742,84.192
10/28/2015 5:00:00 PM,61762,2504.867,80.383
10/28/2015 6:00:00 PM,61762,2662.175,77.926
10/28/2015 7:00:00 PM,61762,2620.092,69.918
10/28/2015 8:00:00 PM,61762,2520.725,66.603
10/28/2015 9:00:00 PM,61762,2364.567,66.655
10/28/2015 10:00:00 PM,61762,2140.933,66.07
10/28/2015 11:00:00 PM,61762,1897.783,65.42
10/29/2015 12:00:00 AM,61762,1703.292,64.809
10/29/2015 1:00:00 AM,61762,1600.325,63.054
10/29/2015 2:00:00 AM,61762,1543.375,61.143
10/29/2015 3:00:00 AM,61762,1516.633,59.778
10/29/2015 4:00:00 AM,61762,1537.542,57.581
10/29/2015 5:00:00 AM,61762,1645.933,56.723
10/29/2015 6:00:00 AM,61762,1908.392,55.852
10/29/2015 7:00:00 AM,61762,2126.192,55.852
10/29/2015 8:00:00 AM,61762,2183.317,55.943
10/29/2015 9:00:00 AM,61762,2203.667,62.404
10/29/2015 10:00:00 AM,61762,2244.85,66.72
10/29/2015 11:00:00 AM,61762,2232.05,68.449
10/29/2015 12:00:00 PM,61762,2222.933,69.866
10/29/2015 1:00:00 PM,61762,2215.158,70.763
10/29/2015 2:00:00 PM,61762,2217.075,70.23
10/29/2015 3:00:00 PM,61762,2218.658,72.466
10/29/2015 4:00:00 PM,61762,2255.775,72.076
10/29/2015 5:00:00 PM,61762,2341.1,70.139
10/29/2015 6:00:00 PM,61762,2577.6,67.513
10/29/2015 7:00:00 PM,61762,2610.308,64.159
10/29/2015 8:00:00 PM,61762,2531.675,62.287
10/29/2015 9:00:00 PM,61762,2391.075,61.351
10/29/2015 10:00:00 PM,61762,2168.883,59.895
10/29/2015 11:00:00 PM,61762,1925.95,57.412
10/30/2015 12:00:00 AM,61762,1744.333,56.073
10/30/2015 1:00:00 AM,61762,1643.95,57.048
10/30/2015 2:00:00 AM,61762,1581.183,54.383
10/30/2015 3:00:00 AM,61762,1556.167,54.916
10/30/2015 4:00:00 AM,61762,1574.858,55.098
10/30/2015 5:00:00 AM,61762,1685.725,55.098
10/30/2015 6:00:00 AM,61762,1934.558,55.085
10/30/2015 7:00:00 AM,61762,2167.075,55.813
10/30/2015 8:00:00 AM,61762,2234.025,56.775
10/30/2015 9:00:00 AM,61762,2268.75,58.595
10/30/2015 10:00:00 AM,61762,2299.85,61.273
10/30/2015 11:00:00 AM,61762,2297.333,62.976
10/30/2015 12:00:00 PM,61762,2284.192,65.42
10/30/2015 1:00:00 PM,61762,2269.067,66.538
10/30/2015 2:00:00 PM,61762,2279.508,67.487
10/30/2015 3:00:00 PM,61762,2280.858,67.279
10/30/2015 4:00:00 PM,61762,2282.7,66.85
10/30/2015 5:00:00 PM,61762,2347.592,66.603
10/30/2015 6:00:00 PM,61762,2513.225,66.252
10/30/2015 7:00:00 PM,61762,2489.667,66.07
10/30/2015 8:00:00 PM,61762,2412.617,64.302
10/30/2015 9:00:00 PM,61762,2303.3,62.183
10/30/2015 10:00:00 PM,61762,2138.692,60.662
10/30/2015 11:00:00 PM,61762,1946.55,60.077
10/31/2015 12:00:00 AM,61762,1772.267,59.167
10/31/2015 1:00:00 AM,61762,1671.95,59.817
10/31/2015 2:00:00 AM,61762,1604.983,59.414
10/31/2015 3:00:00 AM,61762,1570.958,59.414
10/31/2015 4:00:00 AM,61762,1566.933,59.414
10/31/2015 5:00:00 AM,61762,1600.683,59.167
10/31/2015 6:00:00 AM,61762,1695.95,59.388
10/31/2015 7:00:00 AM,61762,1839.4,57.62
10/31/2015 8:00:00 AM,61762,2001.617,56.905
10/31/2015 9:00:00 AM,61762,2172.733,57.165
10/31/2015 10:00:00 AM,61762,2296.975,56.112
10/31/2015 11:00:00 AM,61762,2364,56.58
10/31/2015 12:00:00 PM,61762,2386.1,56.099
10/31/2015 1:00:00 PM,61762,2374.833,56.541
10/31/2015 2:00:00 PM,61762,2354.6,56.294
10/31/2015 3:00:00 PM,61762,2344.708,56.216
10/31/2015 4:00:00 PM,61762,2359.683,55.995
10/31/2015 5:00:00 PM,61762,2449.267,56.255
10/31/2015 6:00:00 PM,61762,2564.35,55.41
10/31/2015 7:00:00 PM,61762,2513.483,54.552
10/31/2015 8:00:00 PM,61762,2434.175,53.941
10/31/2015 9:00:00 PM,61762,2324.2,53.07
10/31/2015 10:00:00 PM,61762,2191,53.07
10/31/2015 11:00:00 PM,61762,2045.917,53.252
11/1/2015 12:00:00 AM,61762,1851.9,53.07
11/1/2015 1:00:00 AM,61762,1730.6,52.992
11/1/2015 2:00:00 AM,61762,1614.4,52.901
11/1/2015 3:00:00 AM,61762,1602.842,53.174
11/1/2015 4:00:00 AM,61762,1610.383,52.303
11/1/2015 5:00:00 AM,61762,1651.292,51.484
11/1/2015 6:00:00 AM,61762,1719.492,51.38
11/1/2015 7:00:00 AM,61762,1835.267,50.951
11/1/2015 8:00:00 AM,61762,2012.275,50.691
11/1/2015 9:00:00 AM,61762,2114.108,51.51
11/1/2015 10:00:00 AM,61762,2129.658,53.109
11/1/2015 11:00:00 AM,61762,2141.342,54.76
11/1/2015 12:00:00 PM,61762,2129.817,56.957
11/1/2015 1:00:00 PM,61762,2108.792,58.179
11/1/2015 2:00:00 PM,61762,2107.592,58.829
11/1/2015 3:00:00 PM,61762,2140.967,59.518
11/1/2015 4:00:00 PM,61762,2267.492,57.841
11/1/2015 5:00:00 PM,61762,2560.417,55.813
11/1/2015 6:00:00 PM,61762,2613.933,55.644
11/1/2015 7:00:00 PM,61762,2562.283,54.513
11/1/2015 8:00:00 PM,61762,2471.217,53.655
11/1/2015 9:00:00 PM,61762,2322.525,51.523
11/1/2015 10:00:00 PM,61762,2123.433,50.509
11/1/2015 11:00:00 PM,61762,1930.725,49.794
11/2/2015 12:00:00 AM,61762,1789.575,49.794
11/2/2015 1:00:00 AM,61762,1712.758,49.755
11/2/2015 2:00:00 AM,61762,1666.325,48.572
11/2/2015 3:00:00 AM,61762,1636.133,46.921
11/2/2015 4:00:00 AM,61762,1675.683,46.921
11/2/2015 5:00:00 AM,61762,1801.3,46.479
11/2/2015 6:00:00 AM,61762,2022.408,43.879
11/2/2015 7:00:00 AM,61762,2183.483,46.479
11/2/2015 8:00:00 AM,61762,2253.308,52.68
11/2/2015 9:00:00 AM,61762,2277.15,56.307
11/2/2015 10:00:00 AM,61762,2285.375,58.335
11/2/2015 11:00:00 AM,61762,2284.008,61
11/2/2015 12:00:00 PM,61762,2259.575,64.471
11/2/2015 1:00:00 PM,61762,2239.275,66.902
11/2/2015 2:00:00 PM,61762,2243.958,71.322
11/2/2015 3:00:00 PM,61762,2271.1,72.986
11/2/2015 4:00:00 PM,61762,2373.775,73.025
11/2/2015 5:00:00 PM,61762,2668.975,68.657
11/2/2015 6:00:00 PM,61762,2723.742,67.435
11/2/2015 7:00:00 PM,61762,2655.058,67.357
11/2/2015 8:00:00 PM,61762,2549.267,67.136
11/2/2015 9:00:00 PM,61762,2383.933,66.811
11/2/2015 10:00:00 PM,61762,2153.6,66.096
11/2/2015 11:00:00 PM,61762,1919.892,65.706
11/3/2015 12:00:00 AM,61762,1737.3,66.044
11/3/2015 1:00:00 AM,61762,1642.05,63.392
11/3/2015 2:00:00 AM,61762,1596.792,61.611
11/3/2015 3:00:00 AM,61762,1560.975,61.741
11/3/2015 4:00:00 AM,61762,1591.842,63.509
11/3/2015 5:00:00 AM,61762,1702.167,63.262
11/3/2015 6:00:00 AM,61762,1885,61.325
11/3/2015 7:00:00 AM,61762,2029.175,59.882
11/3/2015 8:00:00 AM,61762,2128.558,66.759
11/3/2015 9:00:00 AM,61762,2186.175,70.815
11/3/2015 10:00:00 AM,61762,2225.5,74.455
11/3/2015 11:00:00 AM,61762,2239.808,76.626
11/3/2015 12:00:00 PM,61762,2237.475,77.796
11/3/2015 1:00:00 PM,61762,2234.067,79.148
11/3/2015 2:00:00 PM,61762,2245.942,78.186
11/3/2015 3:00:00 PM,61762,2288.892,78.16
11/3/2015 4:00:00 PM,61762,2400.417,75.287
11/3/2015 5:00:00 PM,61762,2655.342,73.22
11/3/2015 6:00:00 PM,61762,2684.492,72.349
11/3/2015 7:00:00 PM,61762,2615.125,73.545
11/3/2015 8:00:00 PM,61762,2486.492,72.973
11/3/2015 9:00:00 PM,61762,2317.625,73.155
11/3/2015 10:00:00 PM,61762,2090.5,72.895
11/3/2015 11:00:00 PM,61762,1864.125,72.635
11/4/2015 12:00:00 AM,61762,1692.958,72.232
11/4/2015 1:00:00 AM,61762,1594.408,72.518
11/4/2015 2:00:00 AM,61762,1542.367,72.05
11/4/2015 3:00:00 AM,61762,1519.217,71.413
11/4/2015 4:00:00 AM,61762,1543.867,69.827
11/4/2015 5:00:00 AM,61762,1660.25,68.956
11/4/2015 6:00:00 AM,61762,1891.258,68.176
11/4/2015 7:00:00 AM,61762,2066.45,68.176
11/4/2015 8:00:00 AM,61762,2154.325,70.399
11/4/2015 9:00:00 AM,61762,2214.625,73.74
11/4/2015 10:00:00 AM,61762,2249.025,75.443
11/4/2015 11:00:00 AM,61762,2262.383,76.262
11/4/2015 12:00:00 PM,61762,2244.533,77.302
11/4/2015 1:00:00 PM,61762,2269.692,78.706
11/4/2015 2:00:00 PM,61762,2253.667,78.251
11/4/2015 3:00:00 PM,61762,2273.558,78.394
11/4/2015 4:00:00 PM,61762,2405.983,76.834
11/4/2015 5:00:00 PM,61762,2642.125,73.675
11/4/2015 6:00:00 PM,61762,2668.425,71.777
11/4/2015 7:00:00 PM,61762,2600.675,69.762
11/4/2015 8:00:00 PM,61762,2495.033,68.163
11/4/2015 9:00:00 PM,61762,2336.975,66.031
11/4/2015 10:00:00 PM,61762,2096.333,63.444
11/4/2015 11:00:00 PM,61762,1864.467,63.262
11/5/2015 12:00:00 AM,61762,1694.6,62.209
11/5/2015 1:00:00 AM,61762,1599.767,62.924
11/5/2015 2:00:00 AM,61762,1550.8,63.665
11/5/2015 3:00:00 AM,61762,1530.2,63.093
11/5/2015 4:00:00 AM,61762,1555.217,64.029
11/5/2015 5:00:00 AM,61762,1670.108,61.559
11/5/2015 6:00:00 AM,61762,1917.3,61.156
11/5/2015 7:00:00 AM,61762,2104.592,60.792
11/5/2015 8:00:00 AM,61762,2235.967,60.103
11/5/2015 9:00:00 AM,61762,2304.05,59.388
11/5/2015 10:00:00 AM,61762,2370.058,59.414
11/5/2015 11:00:00 AM,61762,2398.633,60.558
11/5/2015 12:00:00 PM,61762,2405.683,61.247
11/5/2015 1:00:00 PM,61762,2410.3,62.95
11/5/2015 2:00:00 PM,61762,2404.9,64.107
11/5/2015 3:00:00 PM,61762,2406.708,65.576
11/5/2015 4:00:00 PM,61762,2524.708,65.563
11/5/2015 5:00:00 PM,61762,2711.108,65.55
11/5/2015 6:00:00 PM,61762,2718.65,64.783
11/5/2015 7:00:00 PM,61762,2637.4,63.6
11/5/2015 8:00:00 PM,61762,2525.675,63.145
11/5/2015 9:00:00 PM,61762,2368.825,62.599
11/5/2015 10:00:00 PM,61762,2139.083,61.234
11/5/2015 11:00:00 PM,61762,1896.85,60.948
11/6/2015 12:00:00 AM,61762,1733.367,60.714
11/6/2015 1:00:00 AM,61762,1641.6,60.051
11/6/2015 2:00:00 AM,61762,1583.717,59.258
11/6/2015 3:00:00 AM,61762,1561.983,58.894
11/6/2015 4:00:00 AM,61762,1590.808,59.856
11/6/2015 5:00:00 AM,61762,1702.175,59.206
11/6/2015 6:00:00 AM,61762,1936.242,57.737
11/6/2015 7:00:00 AM,61762,2104.708,57.035
11/6/2015 8:00:00 AM,61762,2182.567,57.256
11/6/2015 9:00:00 AM,61762,2225.067,59.167
11/6/2015 10:00:00 AM,61762,2260.608,60.675
11/6/2015 11:00:00 AM,61762,2270.017,61.832
11/6/2015 12:00:00 PM,61762,2262.367,61.871
11/6/2015 1:00:00 PM,61762,2267.392,62.157
11/6/2015 2:00:00 PM,61762,2306.367,62.157
11/6/2015 3:00:00 PM,61762,2347.8,60.961
11/6/2015 4:00:00 PM,61762,2453.617,58.595
11/6/2015 5:00:00 PM,61762,2664.625,55.033
11/6/2015 6:00:00 PM,61762,2686.425,53.551
11/6/2015 7:00:00 PM,61762,2624.383,53.291
11/6/2015 8:00:00 PM,61762,2540.575,51.991
11/6/2015 9:00:00 PM,61762,2415.117,50.873
11/6/2015 10:00:00 PM,61762,2235.075,49.612
11/6/2015 11:00:00 PM,61762,2038.492,48.312
11/7/2015 12:00:00 AM,61762,1873.067,47.662
11/7/2015 1:00:00 AM,61762,1771.008,46.583
11/7/2015 2:00:00 AM,61762,1701.508,46.297
11/7/2015 3:00:00 AM,61762,1665.817,44.776
11/7/2015 4:00:00 AM,61762,1677.192,43.45
11/7/2015 5:00:00 AM,61762,1715.242,41.721
11/7/2015 6:00:00 AM,61762,1795.675,40.252
11/7/2015 7:00:00 AM,61762,1911.508,41.292
11/7/2015 8:00:00 AM,61762,2042.875,46.466
11/7/2015 9:00:00 AM,61762,2131.008,49.378
11/7/2015 10:00:00 AM,61762,2162.783,51.523
11/7/2015 11:00:00 AM,61762,2157.3,52.472
11/7/2015 12:00:00 PM,61762,2138.125,54.344
11/7/2015 1:00:00 PM,61762,2108.583,55.566
11/7/2015 2:00:00 PM,61762,2097.942,56.619
11/7/2015 3:00:00 PM,61762,2124.358,55.722
11/7/2015 4:00:00 PM,61762,2267.158,55.956
11/7/2015 5:00:00 PM,61762,2525.192,55.449
11/7/2015 6:00:00 PM,61762,2535.575,53.863
11/7/2015 7:00:00 PM,61762,2472.333,54.084
11/7/2015 8:00:00 PM,61762,2392.308,57.906
11/7/2015 9:00:00 PM,61762,2293.883,58.153
11/7/2015 10:00:00 PM,61762,2147.1,57.035
11/7/2015 11:00:00 PM,61762,1975.25,56.281
11/8/2015 12:00:00 AM,61762,1825.783,56.866
11/8/2015 1:00:00 AM,61762,1704.358,56.931
11/8/2015 2:00:00 AM,61762,1630.758,57.373
11/8/2015 3:00:00 AM,61762,1588.242,56.541
11/8/2015 4:00:00 AM,61762,1577.242,56.177
11/8/2015 5:00:00 AM,61762,1598.567,57.659
11/8/2015 6:00:00 AM,61762,1642.192,57.737
11/8/2015 7:00:00 AM,61762,1698.567,57.152
11/8/2015 8:00:00 AM,61762,1840.7,58.634
11/8/2015 9:00:00 AM,61762,1951.892,60.35
11/8/2015 10:00:00 AM,61762,1995.217,62.69
11/8/2015 11:00:00 AM,61762,2016.65,65.069
11/8/2015 12:00:00 PM,61762,2020.733,67.058
11/8/2015 1:00:00 PM,61762,2027.3,68.475
11/8/2015 2:00:00 PM,61762,2039.325,69.047
11/8/2015 3:00:00 PM,61762,2055.692,68.085
11/8/2015 4:00:00 PM,61762,2193.317,67.656
11/8/2015 5:00:00 PM,61762,2480.783,65.355
11/8/2015 6:00:00 PM,61762,2507.35,62.014
11/8/2015 7:00:00 PM,61762,2459.292,59.778
11/8/2015 8:00:00 PM,61762,2382.275,57.867
11/8/2015 9:00:00 PM,61762,2249.817,56.671
11/8/2015 10:00:00 PM,61762,2066.4,54.409
11/8/2015 11:00:00 PM,61762,1872.808,53.291
11/9/2015 12:00:00 AM,61762,1730.892,51.965
11/9/2015 1:00:00 AM,61762,1642.017,51.575
11/9/2015 2:00:00 AM,61762,1602.95,50.028
11/9/2015 3:00:00 AM,61762,1594.383,47.532
11/9/2015 4:00:00 AM,61762,1625.6,47.129
11/9/2015 5:00:00 AM,61762,1760.008,46.349
11/9/2015 6:00:00 AM,61762,2005.567,45.153
11/9/2015 7:00:00 AM,61762,2161.108,46.453
11/9/2015 8:00:00 AM,61762,2222.908,53.382
11/9/2015 9:00:00 AM,61762,2237.975,61.741
11/9/2015 10:00:00 AM,61762,2248.483,65.784
11/9/2015 11:00:00 AM,61762,2247.975,67.37
11/9/2015 12:00:00 PM,61762,2229.058,70.126
11/9/2015 1:00:00 PM,61762,2218.067,71.075
11/9/2015 2:00:00 PM,61762,2228.967,72.05
11/9/2015 3:00:00 PM,61762,2254.7,71.556
11/9/2015 4:00:00 PM,61762,2382.95,70.009
11/9/2015 5:00:00 PM,61762,2657.583,65.875
11/9/2015 6:00:00 PM,61762,2699.558,63.158
11/9/2015 7:00:00 PM,61762,2635.067,61.78
11/9/2015 8:00:00 PM,61762,2533.933,60.545
11/9/2015 9:00:00 PM,61762,2378.783,58.712
11/9/2015 10:00:00 PM,61762,2168.925,56.749
11/9/2015 11:00:00 PM,61762,1942.258,56.437
11/10/2015 12:00:00 AM,61762,1780.075,54.37
11/10/2015 1:00:00 AM,61762,1679.808,54.006
11/10/2015 2:00:00 AM,61762,1626.358,52.927
11/10/2015 3:00:00 AM,61762,1599.658,52.42
11/10/2015 4:00:00 AM,61762,1619.225,52.771
11/10/2015 5:00:00 AM,61762,1719.258,53.772
11/10/2015 6:00:00 AM,61762,1867.308,54.656
11/10/2015 7:00:00 AM,61762,2014.292,55.319
11/10/2015 8:00:00 AM,61762,2139.992,60.272
11/10/2015 9:00:00 AM,61762,2233.058,67.747
11/10/2015 10:00:00 AM,61762,2272.967,71.53
11/10/2015 11:00:00 AM,61762,2268.925,73.22
11/10/2015 12:00:00 PM,61762,2263.017,74.832
11/10/2015 1:00:00 PM,61762,2239.192,76.34
11/10/2015 2:00:00 PM,61762,2242.492,76.301
11/10/2015 3:00:00 PM,61762,2255.108,75.95
11/10/2015 4:00:00 PM,61762,2371.292,74.689
11/10/2015 5:00:00 PM,61762,2655.7,72.245
11/10/2015 6:00:00 PM,61762,2680.033,70.542
11/10/2015 7:00:00 PM,61762,2605.533,68.735
11/10/2015 8:00:00 PM,61762,2494.833,68.878
11/10/2015 9:00:00 PM,61762,2333.475,69.06
11/10/2015 10:00:00 PM,61762,2105.492,68.735
11/10/2015 11:00:00 PM,61762,1878.658,68.813
11/11/2015 12:00:00 AM,61762,1709.575,68.982
11/11/2015 1:00:00 AM,61762,1621.867,69.528
11/11/2015 2:00:00 AM,61762,1564.158,69.957
11/11/2015 3:00:00 AM,61762,1539.325,69.45
11/11/2015 4:00:00 AM,61762,1557.133,69.242
11/11/2015 5:00:00 AM,61762,1661.975,69.242
11/11/2015 6:00:00 AM,61762,1899.083,68.761
11/11/2015 7:00:00 AM,61762,2083.792,68.761
11/11/2015 8:00:00 AM,61762,2188.9,69.71
11/11/2015 9:00:00 AM,61762,2247.042,69.983
11/11/2015 10:00:00 AM,61762,2291.358,72.505
11/11/2015 11:00:00 AM,61762,2303.333,74.689
11/11/2015 12:00:00 PM,61762,2311.167,75.911
11/11/2015 1:00:00 PM,61762,2301.825,77.536
11/11/2015 2:00:00 PM,61762,2296.875,77.289
11/11/2015 3:00:00 PM,61762,2328.392,77.835
11/11/2015 4:00:00 PM,61762,2435.617,76.847
11/11/2015 5:00:00 PM,61762,2661.708,73.324
11/11/2015 6:00:00 PM,61762,2685.433,69.099
11/11/2015 7:00:00 PM,61762,2603.4,64.874
11/11/2015 8:00:00 PM,61762,2504.45,61.559
11/11/2015 9:00:00 PM,61762,2346.925,60.012
11/11/2015 10:00:00 PM,61762,2123.975,57.659
11/11/2015 11:00:00 PM,61762,1896.942,55.488
11/12/2015 12:00:00 AM,61762,1741.417,54.058
11/12/2015 1:00:00 AM,61762,1648.533,51.926
11/12/2015 2:00:00 AM,61762,1602.925,50.626
11/12/2015 3:00:00 AM,61762,1588.692,49.755
11/12/2015 4:00:00 AM,61762,1624.433,48.273
11/12/2015 5:00:00 AM,61762,1752.725,47.207
11/12/2015 6:00:00 AM,61762,1992.775,45.907
11/12/2015 7:00:00 AM,61762,2151.775,46.934
11/12/2015 8:00:00 AM,61762,2223.117,50.041
11/12/2015 9:00:00 AM,61762,2244.608,52.342
11/12/2015 10:00:00 AM,61762,2259.967,56.021
11/12/2015 11:00:00 AM,61762,2259.525,58.088
11/12/2015 12:00:00 PM,61762,2260.617,59.089
11/12/2015 1:00:00 PM,61762,2268.125,58.634
11/12/2015 2:00:00 PM,61762,2303.308,58.426
11/12/2015 3:00:00 PM,61762,2374.775,58.426
11/12/2015 4:00:00 PM,61762,2564.475,57.893
11/12/2015 5:00:00 PM,61762,2740.308,57.035
11/12/2015 6:00:00 PM,61762,2747.633,55.735
11/12/2015 7:00:00 PM,61762,2689.542,54.656
11/12/2015 8:00:00 PM,61762,2589.367,53.174
11/12/2015 9:00:00 PM,61762,2434.967,51.003
11/12/2015 10:00:00 PM,61762,2222.542,48.221
11/12/2015 11:00:00 PM,61762,1992.183,45.725
11/13/2015 12:00:00 AM,61762,1833.467,45.049
11/13/2015 1:00:00 AM,61762,1738.25,44.802
11/13/2015 2:00:00 AM,61762,1688.542,44.191
11/13/2015 3:00:00 AM,61762,1665.983,44.685
11/13/2015 4:00:00 AM,61762,1694.558,44.607
11/13/2015 5:00:00 AM,61762,1820.442,44.607
11/13/2015 6:00:00 AM,61762,2069.892,44.321
11/13/2015 7:00:00 AM,61762,2240.8,44.412
11/13/2015 8:00:00 AM,61762,2321.75,44.607
11/13/2015 9:00:00 AM,61762,2343.242,45.725
11/13/2015 10:00:00 AM,61762,2355.958,47.805
11/13/2015 11:00:00 AM,61762,2348.167,48.923
11/13/2015 12:00:00 PM,61762,2337.967,50.509
11/13/2015 1:00:00 PM,61762,2313.592,51.211
11/13/2015 2:00:00 PM,61762,2322.558,50.21
11/13/2015 3:00:00 PM,61762,2356.383,51.497
11/13/2015 4:00:00 PM,61762,2496.517,50.574
11/13/2015 5:00:00 PM,61762,2742.7,48.377
11/13/2015 6:00:00 PM,61762,2767.208,46.791
11/13/2015 7:00:00 PM,61762,2696.6,45.751
11/13/2015 8:00:00 PM,61762,2613.608,44.997
11/13/2015 9:00:00 PM,61762,2484.433,43.19
11/13/2015 10:00:00 PM,61762,2302.967,42.332
11/13/2015 11:00:00 PM,61762,2108.617,42.826
11/14/2015 12:00:00 AM,61762,1943.692,41.773
11/14/2015 1:00:00 AM,61762,1847.692,40.525
11/14/2015 2:00:00 AM,61762,1787.733,40.083
11/14/2015 3:00:00 AM,61762,1746.058,38.51
11/14/2015 4:00:00 AM,61762,1750.633,37.327
11/14/2015 5:00:00 AM,61762,1795.792,35.767
11/14/2015 6:00:00 AM,61762,1890.583,37.106
11/14/2015 7:00:00 AM,61762,1989.842,36.95
11/14/2015 8:00:00 AM,61762,2127.117,39.953
11/14/2015 9:00:00 AM,61762,2234.442,43.112
11/14/2015 10:00:00 AM,61762,2273.517,44.594
11/14/2015 11:00:00 AM,61762,2261.658,45.608
11/14/2015 12:00:00 PM,61762,2228.533,47.545
11/14/2015 1:00:00 PM,61762,2192.858,49.495
11/14/2015 2:00:00 PM,61762,2174.392,49.898
11/14/2015 3:00:00 PM,61762,2203.417,49.95
11/14/2015 4:00:00 PM,61762,2343.758,49.274
11/14/2015 5:00:00 PM,61762,2627.258,46.115
11/14/2015 6:00:00 PM,61762,2648.817,44.282
11/14/2015 7:00:00 PM,61762,2587.183,41.721
11/14/2015 8:00:00 PM,61762,2514.325,40.811
11/14/2015 9:00:00 PM,61762,2426.817,39.888
11/14/2015 10:00:00 PM,61762,2280.35,37.639
11/14/2015 11:00:00 PM,61762,2119.767,36.547
11/15/2015 12:00:00 AM,61762,1968.942,36.651
11/15/2015 1:00:00 AM,61762,1863.775,35.325
11/15/2015 2:00:00 AM,61762,1795.5,34.792
11/15/2015 3:00:00 AM,61762,1758.05,33.856
11/15/2015 4:00:00 AM,61762,1755.608,35.481
11/15/2015 5:00:00 AM,61762,1773.5,36.521
11/15/2015 6:00:00 AM,61762,1830.192,36.703
11/15/2015 7:00:00 AM,61762,1891.033,37.782
11/15/2015 8:00:00 AM,61762,2043.908,40.616
11/15/2015 9:00:00 AM,61762,2155.275,44.425
11/15/2015 10:00:00 AM,61762,2229.217,48.949
11/15/2015 11:00:00 AM,61762,2266.25,50.418
11/15/2015 12:00:00 PM,61762,2292.175,51.25
11/15/2015 1:00:00 PM,61762,2303.567,51.939
11/15/2015 2:00:00 PM,61762,2314.75,52.55
11/15/2015 3:00:00 PM,61762,2344.2,53.2
11/15/2015 4:00:00 PM,61762,2480.833,53.668
11/15/2015 5:00:00 PM,61762,2681.608,53.317
11/15/2015 6:00:00 PM,61762,2672.508,53.057
11/15/2015 7:00:00 PM,61762,2606.933,53.239
11/15/2015 8:00:00 PM,61762,2515.542,53.239
11/15/2015 9:00:00 PM,61762,2373.792,52.264
11/15/2015 10:00:00 PM,61762,2170.433,51.848
11/15/2015 11:00:00 PM,61762,1964.9,51.445
11/16/2015 12:00:00 AM,61762,1800.008,50.899
11/16/2015 1:00:00 AM,61762,1703.45,48.845
11/16/2015 2:00:00 AM,61762,1656.125,48.013
11/16/2015 3:00:00 AM,61762,1637.975,46.947
11/16/2015 4:00:00 AM,61762,1673.95,47.194
11/16/2015 5:00:00 AM,61762,1790.133,47.454
11/16/2015 6:00:00 AM,61762,2039.208,48.169
11/16/2015 7:00:00 AM,61762,2229.8,50.678
11/16/2015 8:00:00 AM,61762,2339.517,53.421
11/16/2015 9:00:00 AM,61762,2401.383,52.94
11/16/2015 10:00:00 AM,61762,2441.317,54.019
11/16/2015 11:00:00 AM,61762,2463.475,56.021
11/16/2015 12:00:00 PM,61762,2461.708,56.242
11/16/2015 1:00:00 PM,61762,2467.475,57.802
11/16/2015 2:00:00 PM,61762,2497.817,58.738
11/16/2015 3:00:00 PM,61762,2566,62.885
11/16/2015 4:00:00 PM,61762,2692.667,64.003
11/16/2015 5:00:00 PM,61762,2837.233,65.758
11/16/2015 6:00:00 PM,61762,2823.175,66.512
11/16/2015 7:00:00 PM,61762,2739.2,67.513
11/16/2015 8:00:00 PM,61762,2614.417,63.951
11/16/2015 9:00:00 PM,61762,2442.517,61.247
11/16/2015 10:00:00 PM,61762,2205.633,59.999
11/16/2015 11:00:00 PM,61762,1971.692,58.452
11/17/2015 12:00:00 AM,61762,1805.592,56.749
11/17/2015 1:00:00 AM,61762,1714.008,55.202
11/17/2015 2:00:00 AM,61762,1668.092,54.37
11/17/2015 3:00:00 AM,61762,1658.25,52.498
11/17/2015 4:00:00 AM,61762,1701.65,49.027
11/17/2015 5:00:00 AM,61762,1844.933,46.284
11/17/2015 6:00:00 AM,61762,2117.8,43.138
11/17/2015 7:00:00 AM,61762,2294.975,39.849
11/17/2015 8:00:00 AM,61762,2373.708,37.457
11/17/2015 9:00:00 AM,61762,2404.642,36.625
11/17/2015 10:00:00 AM,61762,2429.45,36.508
11/17/2015 11:00:00 AM,61762,2434.758,37.808
11/17/2015 12:00:00 PM,61762,2424.508,39.082
11/17/2015 1:00:00 PM,61762,2416.875,40.148
11/17/2015 2:00:00 PM,61762,2443.542,39.979
11/17/2015 3:00:00 PM,61762,2509.05,38.25
11/17/2015 4:00:00 PM,61762,2690.692,36.924
11/17/2015 5:00:00 PM,61762,2990.958,35.455
11/17/2015 6:00:00 PM,61762,3050.275,34.48
11/17/2015 7:00:00 PM,61762,2989.983,33.427
11/17/2015 8:00:00 PM,61762,2906.45,32.595
11/17/2015 9:00:00 PM,61762,2753.6,31.555
11/17/2015 10:00:00 PM,61762,2511.692,30.255
11/17/2015 11:00:00 PM,61762,2270.883,29.176
11/18/2015 12:00:00 AM,61762,2101.708,28.513
11/18/2015 1:00:00 AM,61762,2007.783,27.876
11/18/2015 2:00:00 AM,61762,1955.492,27.876
11/18/2015 3:00:00 AM,61762,1935.358,27.265
11/18/2015 4:00:00 AM,61762,1965.55,27.447
11/18/2015 5:00:00 AM,61762,2091.717,26.576
11/18/2015 6:00:00 AM,61762,2331.825,26.316
11/18/2015 7:00:00 AM,61762,2498.125,26.316
11/18/2015 8:00:00 AM,61762,2539.617,28.071
11/18/2015 9:00:00 AM,61762,2550.983,30.047
11/18/2015 10:00:00 AM,61762,2554.542,32.556
11/18/2015 11:00:00 AM,61762,2523.5,34.194
11/18/2015 12:00:00 PM,61762,2483.225,36.924
11/18/2015 1:00:00 PM,61762,2455.383,38.458
11/18/2015 2:00:00 PM,61762,2461.033,39.108
11/18/2015 3:00:00 PM,61762,2521.392,38.822
11/18/2015 4:00:00 PM,61762,2701.017,38.588
11/18/2015 5:00:00 PM,61762,2998.142,37.21
11/18/2015 6:00:00 PM,61762,3040.517,36.274
11/18/2015 7:00:00 PM,61762,2973.867,37.535
11/18/2015 8:00:00 PM,61762,2888.483,38.692
11/18/2015 9:00:00 PM,61762,2705.7,39.55
11/18/2015 10:00:00 PM,61762,2450.85,40.551
11/18/2015 11:00:00 PM,61762,2188.408,40.512
11/19/2015 12:00:00 AM,61762,2002.475,42.345
11/19/2015 1:00:00 AM,61762,1892.283,44.789
11/19/2015 2:00:00 AM,61762,1828.992,47.246
11/19/2015 3:00:00 AM,61762,1803.7,47.207
11/19/2015 4:00:00 AM,61762,1818.492,46.531
11/19/2015 5:00:00 AM,61762,1941.917,45.751
11/19/2015 6:00:00 AM,61762,2185.975,45.673
11/19/2015 7:00:00 AM,61762,2344.592,44.958
11/19/2015 8:00:00 AM,61762,2404.8,46.258
11/19/2015 9:00:00 AM,61762,2415.258,49.352
11/19/2015 10:00:00 AM,61762,2413.675,53.291
11/19/2015 11:00:00 AM,61762,2397.008,55.774
11/19/2015 12:00:00 PM,61762,2373.5,55.124
11/19/2015 1:00:00 PM,61762,2349.092,55.462
11/19/2015 2:00:00 PM,61762,2351.825,55.423
11/19/2015 3:00:00 PM,61762,2399.158,55.8
11/19/2015 4:00:00 PM,61762,2574.692,54.76
11/19/2015 5:00:00 PM,61762,2848.008,52.966
11/19/2015 6:00:00 PM,61762,2886.158,51.484
11/19/2015 7:00:00 PM,61762,2823.658,50.444
11/19/2015 8:00:00 PM,61762,2740.317,48.377
11/19/2015 9:00:00 PM,61762,2606.092,45.166
11/19/2015 10:00:00 PM,61762,2374.65,43.151
11/19/2015 11:00:00 PM,61762,2150.9,40.72
11/20/2015 12:00:00 AM,61762,1983.8,39.602
11/20/2015 1:00:00 AM,61762,1891,38.055
11/20/2015 2:00:00 AM,61762,1847.442,36.287
11/20/2015 3:00:00 AM,61762,1830.567,35.455
11/20/2015 4:00:00 AM,61762,1867.083,34.155
11/20/2015 5:00:00 AM,61762,1993.883,33.791
11/20/2015 6:00:00 AM,61762,2247.1,33.57
11/20/2015 7:00:00 AM,61762,2406.492,33.544
11/20/2015 8:00:00 AM,61762,2485.467,34.649
11/20/2015 9:00:00 AM,61762,2517.95,35.897
11/20/2015 10:00:00 AM,61762,2529.317,37.379
11/20/2015 11:00:00 AM,61762,2505.725,39.719
11/20/2015 12:00:00 PM,61762,2478.283,41.201
11/20/2015 1:00:00 PM,61762,2459.758,42.579
11/20/2015 2:00:00 PM,61762,2474.475,43.697
11/20/2015 3:00:00 PM,61762,2507.042,43.671
11/20/2015 4:00:00 PM,61762,2670.142,42.774
11/20/2015 5:00:00 PM,61762,2928.775,40.395
11/20/2015 6:00:00 PM,61762,2948.092,39.316
11/20/2015 7:00:00 PM,61762,2868.85,38.315
11/20/2015 8:00:00 PM,61762,2776.4,37.483
11/20/2015 9:00:00 PM,61762,2642.458,36.43
11/20/2015 10:00:00 PM,61762,2460.233,35.533
11/20/2015 11:00:00 PM,61762,2251.142,34.272
11/21/2015 12:00:00 AM,61762,2089.125,33.128
11/21/2015 1:00:00 AM,61762,1987.675,31.438
11/21/2015 2:00:00 AM,61762,1931.4,31.724
11/21/2015 3:00:00 AM,61762,1896.883,29.995
11/21/2015 4:00:00 AM,61762,1904.508,30.463
11/21/2015 5:00:00 AM,61762,1948.833,29.176
11/21/2015 6:00:00 AM,61762,2047.708,29.982
11/21/2015 7:00:00 AM,61762,2149.142,30.788
11/21/2015 8:00:00 AM,61762,2283.925,35.416
11/21/2015 9:00:00 AM,61762,2375.617,40.018
11/21/2015 10:00:00 AM,61762,2392.258,42.046
11/21/2015 11:00:00 AM,61762,2379.833,44.165
11/21/2015 12:00:00 PM,61762,2342.3,45.647
11/21/2015 1:00:00 PM,61762,2307.133,47.87
11/21/2015 2:00:00 PM,61762,2303.65,49.339
11/21/2015 3:00:00 PM,61762,2343.425,51.354
11/21/2015 4:00:00 PM,61762,2520.458,51.51
11/21/2015 5:00:00 PM,61762,2716.892,52.407
11/21/2015 6:00:00 PM,61762,2703.375,53.46
11/21/2015 7:00:00 PM,61762,2627.25,53.421
11/21/2015 8:00:00 PM,61762,2538.942,54.071
11/21/2015 9:00:00 PM,61762,2431.417,53.824
11/21/2015 10:00:00 PM,61762,2270.742,53.824
11/21/2015 11:00:00 PM,61762,2090.808,53.824
11/22/2015 12:00:00 AM,61762,1929.25,53.824
11/22/2015 1:00:00 AM,61762,1811.833,54.552
11/22/2015 2:00:00 AM,61762,1730.975,54.279
11/22/2015 3:00:00 AM,61762,1687.267,54.279
11/22/2015 4:00:00 AM,61762,1678.125,53.98
11/22/2015 5:00:00 AM,61762,1705.075,54.279
11/22/2015 6:00:00 AM,61762,1764.65,54.279
11/22/2015 7:00:00 AM,61762,1807.992,54.279
11/22/2015 8:00:00 AM,61762,1934.9,54.591
11/22/2015 9:00:00 AM,61762,2032.208,57.659
11/22/2015 10:00:00 AM,61762,2089.308,59.83
11/22/2015 11:00:00 AM,61762,2092.75,60.753
11/22/2015 12:00:00 PM,61762,2087.5,63.522
11/22/2015 1:00:00 PM,61762,2059.108,64.822
11/22/2015 2:00:00 PM,61762,2064.242,63.951
11/22/2015 3:00:00 PM,61762,2106.075,64.289
11/22/2015 4:00:00 PM,61762,2315.892,61.78
11/22/2015 5:00:00 PM,61762,2607.517,59.648
11/22/2015 6:00:00 PM,61762,2619.842,56.008
11/22/2015 7:00:00 PM,61762,2561.225,54.747
11/22/2015 8:00:00 PM,61762,2484.267,55.267
11/22/2015 9:00:00 PM,61762,2340.05,52.55
11/22/2015 10:00:00 PM,61762,2150.725,52.849
11/22/2015 11:00:00 PM,61762,1956.75,55.618
11/23/2015 12:00:00 AM,61762,1778.183,61.143
11/23/2015 1:00:00 AM,61762,1671.608,64.796
11/23/2015 2:00:00 AM,61762,1616.433,67.643
11/23/2015 3:00:00 AM,61762,1586.983,68.852
11/23/2015 4:00:00 AM,61762,1609.425,72.193
11/23/2015 5:00:00 AM,61762,1719.1,72.973
11/23/2015 6:00:00 AM,61762,1964.908,74.91
11/23/2015 7:00:00 AM,61762,2180.233,74.91
11/23/2015 8:00:00 AM,61762,2281.183,75.001
11/23/2015 9:00:00 AM,61762,2330.333,74.364
11/23/2015 10:00:00 AM,61762,2384.592,73.532
11/23/2015 11:00:00 AM,61762,2392.158,74.936
11/23/2015 12:00:00 PM,61762,2369.55,74.975
11/23/2015 1:00:00 PM,61762,2358.783,73.649
11/23/2015 2:00:00 PM,61762,2352.483,73.22
11/23/2015 3:00:00 PM,61762,2367.342,71.92
11/23/2015 4:00:00 PM,61762,2490.033,72.674
11/23/2015 5:00:00 PM,61762,2755.183,72.635
11/23/2015 6:00:00 PM,61762,2778.317,74.351
11/23/2015 7:00:00 PM,61762,2704.425,75.3
11/23/2015 8:00:00 PM,61762,2592.158,75.131
11/23/2015 9:00:00 PM,61762,2429.842,73.324
11/23/2015 10:00:00 PM,61762,2194.758,73.987
11/23/2015 11:00:00 PM,61762,1945.067,72.778
11/24/2015 12:00:00 AM,61762,1769.7,71.712
11/24/2015 1:00:00 AM,61762,1660.317,71.309
11/24/2015 2:00:00 AM,61762,1586.425,68.969
11/24/2015 3:00:00 AM,61762,1556.158,70.152
11/24/2015 4:00:00 AM,61762,1579.392,69.697
11/24/2015 5:00:00 AM,61762,1686.583,70.477
11/24/2015 6:00:00 AM,61762,1936.542,69.541
11/24/2015 7:00:00 AM,61762,2129.808,69.424
11/24/2015 8:00:00 AM,61762,2194.6,71.075
11/24/2015 9:00:00 AM,61762,2253.05,73.623
11/24/2015 10:00:00 AM,61762,2312.883,71.699
11/24/2015 11:00:00 AM,61762,2334.317,70.802
11/24/2015 12:00:00 PM,61762,2330.675,69.476
11/24/2015 1:00:00 PM,61762,2327.292,68.527
11/24/2015 2:00:00 PM,61762,2332.2,68.176
11/24/2015 3:00:00 PM,61762,2378.992,66.694
11/24/2015 4:00:00 PM,61762,2518.725,65.55
11/24/2015 5:00:00 PM,61762,2728.058,63.886
11/24/2015 6:00:00 PM,61762,2747.083,61.611
11/24/2015 7:00:00 PM,61762,2695.342,60.363
11/24/2015 8:00:00 PM,61762,2609.742,60.363
11/24/2015 9:00:00 PM,61762,2475.4,59.752
11/24/2015 10:00:00 PM,61762,2256.983,60.051
11/24/2015 11:00:00 PM,61762,2023.067,60.077
11/25/2015 12:00:00 AM,61762,1829.383,60.012
11/25/2015 1:00:00 AM,61762,1717.558,59.583
11/25/2015 2:00:00 AM,61762,1653.6,59.401
11/25/2015 3:00:00 AM,61762,1620.175,58.816
11/25/2015 4:00:00 AM,61762,1640.767,59.245
11/25/2015 5:00:00 AM,61762,1748.325,58.088
11/25/2015 6:00:00 AM,61762,1971.575,55.085
11/25/2015 7:00:00 AM,61762,2206.5,53.499
11/25/2015 8:00:00 AM,61762,2366.267,49.599
11/25/2015 9:00:00 AM,61762,2492.475,47.285
11/25/2015 10:00:00 AM,61762,2594.833,45.842
11/25/2015 11:00:00 AM,61762,2660.742,44.425
11/25/2015 12:00:00 PM,61762,2688.717,44.711
11/25/2015 1:00:00 PM,61762,2702.767,44.828
11/25/2015 2:00:00 PM,61762,2736.183,44.997
11/25/2015 3:00:00 PM,61762,2769.5,45.4
11/25/2015 4:00:00 PM,61762,2896.817,46.167
11/25/2015 5:00:00 PM,61762,3020.433,45.803
11/25/2015 6:00:00 PM,61762,3011.5,46.453
11/25/2015 7:00:00 PM,61762,2928.642,45.738
11/25/2015 8:00:00 PM,61762,2824.625,45.257
11/25/2015 9:00:00 PM,61762,2676.875,43.671
11/25/2015 10:00:00 PM,61762,2471.358,43.099
11/25/2015 11:00:00 PM,61762,2242.958,42.917
11/26/2015 12:00:00 AM,61762,2054.842,43.359
11/26/2015 1:00:00 AM,61762,1913.958,42.67
11/26/2015 2:00:00 AM,61762,1826.392,42.67
11/26/2015 3:00:00 AM,61762,1778.142,42.67
11/26/2015 4:00:00 AM,61762,1774.783,42.189
11/26/2015 5:00:00 AM,61762,1810.8,42.41
11/26/2015 6:00:00 AM,61762,1892.167,42.41
11/26/2015 7:00:00 AM,61762,1977.25,42.527
11/26/2015 8:00:00 AM,61762,2120.917,42.774
11/26/2015 9:00:00 AM,61762,2302.467,43.671
11/26/2015 10:00:00 AM,61762,2425.125,44.646
11/26/2015 11:00:00 AM,61762,2503.642,44.568
11/26/2015 12:00:00 PM,61762,2544.458,45.387
11/26/2015 1:00:00 PM,61762,2520.708,45.465
11/26/2015 2:00:00 PM,61762,2455.5,44.204
11/26/2015 3:00:00 PM,61762,2388.475,45.257
11/26/2015 4:00:00 PM,61762,2408.192,45.075
11/26/2015 5:00:00 PM,61762,2445.708,44.464
11/26/2015 6:00:00 PM,61762,2401.417,44.23
11/26/2015 7:00:00 PM,61762,2367.508,43.853
11/26/2015 8:00:00 PM,61762,2358.142,43.346
11/26/2015 9:00:00 PM,61762,2338.858,43.138
11/26/2015 10:00:00 PM,61762,2255.775,42.956
11/26/2015 11:00:00 PM,61762,2123.442,42.306
11/27/2015 12:00:00 AM,61762,1969.375,41.435
11/27/2015 1:00:00 AM,61762,1871.583,40.785
11/27/2015 2:00:00 AM,61762,1814.783,39.173
11/27/2015 3:00:00 AM,61762,1795.158,38.822
11/27/2015 4:00:00 AM,61762,1812.683,37.444
11/27/2015 5:00:00 AM,61762,1892.142,36.833
11/27/2015 6:00:00 AM,61762,2005.025,36.651
11/27/2015 7:00:00 AM,61762,2082.108,36.651
11/27/2015 8:00:00 AM,61762,2179.6,38.588
11/27/2015 9:00:00 AM,61762,2272.458,40.746
11/27/2015 10:00:00 AM,61762,2327.017,42.865
11/27/2015 11:00:00 AM,61762,2342.733,43.944
11/27/2015 12:00:00 PM,61762,2341.492,45.244
11/27/2015 1:00:00 PM,61762,2350.808,46.115
11/27/2015 2:00:00 PM,61762,2355.317,45.426
11/27/2015 3:00:00 PM,61762,2390.933,44.594
11/27/2015 4:00:00 PM,61762,2574.083,41.747
11/27/2015 5:00:00 PM,61762,2844.9,39.589
11/27/2015 6:00:00 PM,61762,2868.092,37.21
11/27/2015 7:00:00 PM,61762,2792.3,36.092
11/27/2015 8:00:00 PM,61762,2710.558,35.312
11/27/2015 9:00:00 PM,61762,2605.208,34.558
11/27/2015 10:00:00 PM,61762,2447.317,33.505
11/27/2015 11:00:00 PM,61762,2256.6,31.815
11/28/2015 12:00:00 AM,61762,2088.325,31.204
11/28/2015 1:00:00 AM,61762,1978.7,30.047
11/28/2015 2:00:00 AM,61762,1914.325,29.332
11/28/2015 3:00:00 AM,61762,1874.225,28.435
11/28/2015 4:00:00 AM,61762,1881.992,28.279
11/28/2015 5:00:00 AM,61762,1924.608,26.953
11/28/2015 6:00:00 AM,61762,2026.633,25.588
11/28/2015 7:00:00 AM,61762,2107.283,26.056
11/28/2015 8:00:00 AM,61762,2227.417,28.461
11/28/2015 9:00:00 AM,61762,2324.333,35.312
11/28/2015 10:00:00 AM,61762,2369.642,37.691
11/28/2015 11:00:00 AM,61762,2399,39.823
11/28/2015 12:00:00 PM,61762,2418.933,40.512
11/28/2015 1:00:00 PM,61762,2383.283,41.643
11/28/2015 2:00:00 PM,61762,2379.917,42.215
11/28/2015 3:00:00 PM,61762,2404.417,42.865
11/28/2015 4:00:00 PM,61762,2573.642,42.839
11/28/2015 5:00:00 PM,61762,2769.058,42.982
11/28/2015 6:00:00 PM,61762,2762.033,42.618
11/28/2015 7:00:00 PM,61762,2688.617,43.229
11/28/2015 8:00:00 PM,61762,2610.067,43.918
11/28/2015 9:00:00 PM,61762,2503.117,45.439
11/28/2015 10:00:00 PM,61762,2345.675,49.43
11/28/2015 11:00:00 PM,61762,2149.275,52.264
11/29/2015 12:00:00 AM,61762,1966.583,54.253
11/29/2015 1:00:00 AM,61762,1834.2,55.501
11/29/2015 2:00:00 AM,61762,1745.867,56.84
11/29/2015 3:00:00 AM,61762,1690.608,57.464
11/29/2015 4:00:00 AM,61762,1675.85,58.283
11/29/2015 5:00:00 AM,61762,1691.1,59.115
11/29/2015 6:00:00 AM,61762,1747.325,59.518
11/29/2015 7:00:00 AM,61762,1779.267,58.829
11/29/2015 8:00:00 AM,61762,1889.367,59.726
11/29/2015 9:00:00 AM,61762,1980.225,62.04
11/29/2015 10:00:00 AM,61762,2046.875,63.899
11/29/2015 11:00:00 AM,61762,2069.292,64.978
11/29/2015 12:00:00 PM,61762,2092.175,65.225
11/29/2015 1:00:00 PM,61762,2131.925,64.575
11/29/2015 2:00:00 PM,61762,2159.4,62.82
11/29/2015 3:00:00 PM,61762,2227.167,62.924
11/29/2015 4:00:00 PM,61762,2434.792,62.846
11/29/2015 5:00:00 PM,61762,2672.358,62.404
11/29/2015 6:00:00 PM,61762,2664.983,62.183
11/29/2015 7:00:00 PM,61762,2607.775,62.183
11/29/2015 8:00:00 PM,61762,2514.383,62.898
11/29/2015 9:00:00 PM,61762,2366.5,62.742
11/29/2015 10:00:00 PM,61762,2149.567,62.482
11/29/2015 11:00:00 PM,61762,1936.392,62.95
11/30/2015 12:00:00 AM,61762,1757.717,62.144
11/30/2015 1:00:00 AM,61762,1656.258,61.494
11/30/2015 2:00:00 AM,61762,1596.858,60.779
11/30/2015 3:00:00 AM,61762,1582.075,60.584
11/30/2015 4:00:00 AM,61762,1608.333,59.076
11/30/2015 5:00:00 AM,61762,1725.442,60.792
11/30/2015 6:00:00 AM,61762,1973.275,61.949
11/30/2015 7:00:00 AM,61762,2140.742,63.6
11/30/2015 8:00:00 AM,61762,2200.342,64.445
11/30/2015 9:00:00 AM,61762,2257.742,68.475
11/30/2015 10:00:00 AM,61762,2308.208,70.022
11/30/2015 11:00:00 AM,61762,2300.367,70.88
11/30/2015 12:00:00 PM,61762,2298.842,72.154
11/30/2015 1:00:00 PM,61762,2289.708,74.273
11/30/2015 2:00:00 PM,61762,2299.475,75.534
11/30/2015 3:00:00 PM,61762,2338.458,74.507
11/30/2015 4:00:00 PM,61762,2551.733,71.595
11/30/2015 5:00:00 PM,61762,2800.733,67.903
11/30/2015 6:00:00 PM,61762,2829.267,62.664
11/30/2015 7:00:00 PM,61762,2770.683,57.178
11/30/2015 8:00:00 PM,61762,2684.15,53.46
11/30/2015 9:00:00 PM,61762,2535.475,52.407
11/30/2015 10:00:00 PM,61762,2300.867,51.341
11/30/2015 11:00:00 PM,61762,2050.008,50.509
12/1/2015 12:00:00 AM,61762,1863.267,48.559
12/1/2015 1:00:00 AM,61762,1768.808,47.207
12/1/2015 2:00:00 AM,61762,1706.45,46.752
12/1/2015 3:00:00 AM,61762,1687.667,46.349
12/1/2015 4:00:00 AM,61762,1724.883,45.582
12/1/2015 5:00:00 AM,61762,1853.6,44.282
12/1/2015 6:00:00 AM,61762,2120.45,43.593
12/1/2015 7:00:00 AM,61762,2307.442,43.125
12/1/2015 8:00:00 AM,61762,2391.358,43.84
12/1/2015 9:00:00 AM,61762,2424.592,45.387
12/1/2015 10:00:00 AM,61762,2453.483,47.766
12/1/2015 11:00:00 AM,61762,2483.058,48.611
12/1/2015 12:00:00 PM,61762,2510.833,48.65
12/1/2015 1:00:00 PM,61762,2532.375,49.482
12/1/2015 2:00:00 PM,61762,2552.808,48.754
12/1/2015 3:00:00 PM,61762,2597.725,47.61
12/1/2015 4:00:00 PM,61762,2800.683,47.194
12/1/2015 5:00:00 PM,61762,3013.667,47.714
12/1/2015 6:00:00 PM,61762,3018.983,47.558
12/1/2015 7:00:00 PM,61762,2934.558,48.52
12/1/2015 8:00:00 PM,61762,2830.142,49.703
12/1/2015 9:00:00 PM,61762,2656.917,50.808
12/1/2015 10:00:00 PM,61762,2385.108,51.601
12/1/2015 11:00:00 PM,61762,2103.767,52.277
12/2/2015 12:00:00 AM,61762,1898.392,52.498
12/2/2015 1:00:00 AM,61762,1782.008,51.718
12/2/2015 2:00:00 AM,61762,1712.983,52.017
12/2/2015 3:00:00 AM,61762,1686.092,50.964
12/2/2015 4:00:00 AM,61762,1708.733,50.249
12/2/2015 5:00:00 AM,61762,1823.858,50.431
12/2/2015 6:00:00 AM,61762,2057,50.47
12/2/2015 7:00:00 AM,61762,2242.975,52.017
12/2/2015 8:00:00 AM,61762,2333.167,53.447
12/2/2015 9:00:00 AM,61762,2396.4,56.775
12/2/2015 10:00:00 AM,61762,2435.2,58.322
12/2/2015 11:00:00 AM,61762,2461.55,57.958
12/2/2015 12:00:00 PM,61762,2460.417,57.308
12/2/2015 1:00:00 PM,61762,2464.358,56.944
12/2/2015 2:00:00 PM,61762,2494.817,56.775
12/2/2015 3:00:00 PM,61762,2524.15,56.775
12/2/2015 4:00:00 PM,61762,2682.217,57.672
12/2/2015 5:00:00 PM,61762,2905.575,58.608
12/2/2015 6:00:00 PM,61762,2920.008,57.711
12/2/2015 7:00:00 PM,61762,2848.342,57.178
12/2/2015 8:00:00 PM,61762,2770.817,54.955
12/2/2015 9:00:00 PM,61762,2625.308,53.655
12/2/2015 10:00:00 PM,61762,2387.858,52.095
12/2/2015 11:00:00 PM,61762,2117.575,51.692
12/3/2015 12:00:00 AM,61762,1936.567,50.444
12/3/2015 1:00:00 AM,61762,1831.15,48.962
12/3/2015 2:00:00 AM,61762,1773.475,47.376
12/3/2015 3:00:00 AM,61762,1751.75,46.609
12/3/2015 4:00:00 AM,61762,1784.275,45.478
12/3/2015 5:00:00 AM,61762,1903.483,43.892
12/3/2015 6:00:00 AM,61762,2161.375,43.203
12/3/2015 7:00:00 AM,61762,2330.183,43.268
12/3/2015 8:00:00 AM,61762,2367.133,45.166
12/3/2015 9:00:00 AM,61762,2385.442,48.403
12/3/2015 10:00:00 AM,61762,2390.508,50.548
12/3/2015 11:00:00 AM,61762,2356.225,52.394
12/3/2015 12:00:00 PM,61762,2367.008,54.149
12/3/2015 1:00:00 PM,61762,2316.783,55.241
12/3/2015 2:00:00 PM,61762,2327.867,56.177
12/3/2015 3:00:00 PM,61762,2410.342,54.448
12/3/2015 4:00:00 PM,61762,2628.05,52.511
12/3/2015 5:00:00 PM,61762,2903.142,50.782
12/3/2015 6:00:00 PM,61762,2930.025,47.909
12/3/2015 7:00:00 PM,61762,2879.542,47.441
12/3/2015 8:00:00 PM,61762,2805.2,44.477
12/3/2015 9:00:00 PM,61762,2669.542,43.918
12/3/2015 10:00:00 PM,61762,2444.15,43.762
12/3/2015 11:00:00 PM,61762,2172.325,42.748
12/4/2015 12:00:00 AM,61762,1969.892,42.345
12/4/2015 1:00:00 AM,61762,1853.042,41.916
12/4/2015 2:00:00 AM,61762,1793.675,40.837
12/4/2015 3:00:00 AM,61762,1771.45,39.979
12/4/2015 4:00:00 AM,61762,1801.333,39.537
12/4/2015 5:00:00 AM,61762,1926.108,39.537
12/4/2015 6:00:00 AM,61762,2189.017,39.797
12/4/2015 7:00:00 AM,61762,2346.933,39.615
12/4/2015 8:00:00 AM,61762,2410.258,41.292
12/4/2015 9:00:00 AM,61762,2425.592,43.788
12/4/2015 10:00:00 AM,61762,2454.175,47.09
12/4/2015 11:00:00 AM,61762,2474.683,48.455
12/4/2015 12:00:00 PM,61762,2483.425,50.366
12/4/2015 1:00:00 PM,61762,2484.183,50.951
12/4/2015 2:00:00 PM,61762,2509.167,52.979
12/4/2015 3:00:00 PM,61762,2568.483,54.097
12/4/2015 4:00:00 PM,61762,2758.1,55.332
12/4/2015 5:00:00 PM,61762,2907.142,56.346
12/4/2015 6:00:00 PM,61762,2890.317,55.267
12/4/2015 7:00:00 PM,61762,2811.508,55.501
12/4/2015 8:00:00 PM,61762,2722.35,55.501
12/4/2015 9:00:00 PM,61762,2584.808,56.697
12/4/2015 10:00:00 PM,61762,2389,57.542
12/4/2015 11:00:00 PM,61762,2153.783,57.464
12/5/2015 12:00:00 AM,61762,1950.542,57.867
12/5/2015 1:00:00 AM,61762,1818.067,56.034
12/5/2015 2:00:00 AM,61762,1724.108,54.994
12/5/2015 3:00:00 AM,61762,1680.075,54.734
12/5/2015 4:00:00 AM,61762,1676.05,53.863
12/5/2015 5:00:00 AM,61762,1712.358,53.213
12/5/2015 6:00:00 AM,61762,1814.217,53.213
12/5/2015 7:00:00 AM,61762,1944.433,53.265
12/5/2015 8:00:00 AM,61762,2101.25,53.265
12/5/2015 9:00:00 AM,61762,2238.508,54.851
12/5/2015 10:00:00 AM,61762,2333.508,55.917
12/5/2015 11:00:00 AM,61762,2375.883,57.243
12/5/2015 12:00:00 PM,61762,2383.042,57.841
12/5/2015 1:00:00 PM,61762,2374.35,58.127
12/5/2015 2:00:00 PM,61762,2374.075,58.738
12/5/2015 3:00:00 PM,61762,2404.225,58.92
12/5/2015 4:00:00 PM,61762,2571.475,56.125
12/5/2015 5:00:00 PM,61762,2725.708,55.8
12/5/2015 6:00:00 PM,61762,2718.225,55.631
12/5/2015 7:00:00 PM,61762,2641.733,54.656
12/5/2015 8:00:00 PM,61762,2570.542,53.564
12/5/2015 9:00:00 PM,61762,2474.117,52.342
12/5/2015 10:00:00 PM,61762,2326.725,51.939
12/5/2015 11:00:00 PM,61762,2134.467,50.639
12/6/2015 12:00:00 AM,61762,1957.483,49.352
12/6/2015 1:00:00 AM,61762,1842.608,48.507
12/6/2015 2:00:00 AM,61762,1760.608,48.052
12/6/2015 3:00:00 AM,61762,1718.592,47.61
12/6/2015 4:00:00 AM,61762,1719.958,47.207
12/6/2015 5:00:00 AM,61762,1752.675,46.31
12/6/2015 6:00:00 AM,61762,1832.892,45.27
12/6/2015 7:00:00 AM,61762,1914.783,44.607
12/6/2015 8:00:00 AM,61762,2056.442,43.788
12/6/2015 9:00:00 AM,61762,2180.25,43.567
12/6/2015 10:00:00 AM,61762,2217.683,44.581
12/6/2015 11:00:00 AM,61762,2225.033,47.116
12/6/2015 12:00:00 PM,61762,2230.55,49.092
12/6/2015 1:00:00 PM,61762,2230.658,50.873
12/6/2015 2:00:00 PM,61762,2240.542,50.899
12/6/2015 3:00:00 PM,61762,2282.408,50.509
12/6/2015 4:00:00 PM,61762,2512.842,48.39
12/6/2015 5:00:00 PM,61762,2882.45,45.608
12/6/2015 6:00:00 PM,61762,2927.492,43.06
12/6/2015 7:00:00 PM,61762,2892.917,40.889
12/6/2015 8:00:00 PM,61762,2836.325,39.615
12/6/2015 9:00:00 PM,61762,2703.883,38.367
12/6/2015 10:00:00 PM,61762,2494.092,36.183
12/6/2015 11:00:00 PM,61762,2253.458,34.415
12/7/2015 12:00:00 AM,61762,2057.017,32.829
12/7/2015 1:00:00 AM,61762,1956.042,31.347
12/7/2015 2:00:00 AM,61762,1903.225,30.229
12/7/2015 3:00:00 AM,61762,1888.508,29.176
12/7/2015 4:00:00 AM,61762,1922.583,28.955
12/7/2015 5:00:00 AM,61762,2054.617,28.37
12/7/2015 6:00:00 AM,61762,2307.6,28.201
12/7/2015 7:00:00 AM,61762,2519.908,28.734
12/7/2015 8:00:00 AM,61762,2606.317,29.553
12/7/2015 9:00:00 AM,61762,2680.883,31.464
12/7/2015 10:00:00 AM,61762,2735.175,32.465
12/7/2015 11:00:00 AM,61762,2727.017,33.947
12/7/2015 12:00:00 PM,61762,2705.425,36.391
12/7/2015 1:00:00 PM,61762,2693.158,36.04
12/7/2015 2:00:00 PM,61762,2695.925,36.846
12/7/2015 3:00:00 PM,61762,2757.3,37.067
12/7/2015 4:00:00 PM,61762,2954.3,36.703
12/7/2015 5:00:00 PM,61762,3196.375,36.248
12/7/2015 6:00:00 PM,61762,3198.925,36.898
12/7/2015 7:00:00 PM,61762,3217.425,37.587
12/7/2015 8:00:00 PM,61762,3074.3,38.536
12/7/2015 9:00:00 PM,61762,2897.55,38.705
12/7/2015 10:00:00 PM,61762,2618.942,39.537
12/7/2015 11:00:00 PM,61762,2312.683,41.344
12/8/2015 12:00:00 AM,61762,2070.792,42.163
12/8/2015 1:00:00 AM,61762,1951.142,42.813
12/8/2015 2:00:00 AM,61762,1877,44.191
12/8/2015 3:00:00 AM,61762,1843.283,44.62
12/8/2015 4:00:00 AM,61762,1864.942,45.296
12/8/2015 5:00:00 AM,61762,1969.45,45.244
12/8/2015 6:00:00 AM,61762,2217.525,46.206
12/8/2015 7:00:00 AM,61762,2466.85,46.817
12/8/2015 8:00:00 AM,61762,2576.117,47.506
12/8/2015 9:00:00 AM,61762,2660.992,49.274
12/8/2015 10:00:00 AM,61762,2732.25,50.314
12/8/2015 11:00:00 AM,61762,2761.517,51.263
12/8/2015 12:00:00 PM,61762,2788.8,51.263
12/8/2015 1:00:00 PM,61762,2784.333,50.938
12/8/2015 2:00:00 PM,61762,2738.725,52.472
12/8/2015 3:00:00 PM,61762,2747.067,52.16
12/8/2015 4:00:00 PM,61762,2908.7,53.174
12/8/2015 5:00:00 PM,61762,3103.217,53.356
12/8/2015 6:00:00 PM,61762,3111.383,53.161
12/8/2015 7:00:00 PM,61762,3033.192,51.25
12/8/2015 8:00:00 PM,61762,2929.608,50.314
12/8/2015 9:00:00 PM,61762,2754.4,50.132
12/8/2015 10:00:00 PM,61762,2495.667,49.781
12/8/2015 11:00:00 PM,61762,2197.217,48.767
12/9/2015 12:00:00 AM,61762,1983.008,47.87
12/9/2015 1:00:00 AM,61762,1868.017,47.155
12/9/2015 2:00:00 AM,61762,1799.775,47.61
12/9/2015 3:00:00 AM,61762,1778.292,46.895
12/9/2015 4:00:00 AM,61762,1796.767,46.973
12/9/2015 5:00:00 AM,61762,1920.108,46.544
12/9/2015 6:00:00 AM,61762,2174.942,46.544
12/9/2015 7:00:00 AM,61762,2393.458,46.544
12/9/2015 8:00:00 AM,61762,2477.992,46.713
12/9/2015 9:00:00 AM,61762,2533.625,46.31
12/9/2015 10:00:00 AM,61762,2555.45,45.985
12/9/2015 11:00:00 AM,61762,2574.629,45.985
12/9/2015 12:00:00 PM,61762,2563.967,46.154
12/9/2015 1:00:00 PM,61762,2571.85,45.114
12/9/2015 2:00:00 PM,61762,2586.65,44.061
12/9/2015 3:00:00 PM,61762,2635.817,42.969
12/9/2015 4:00:00 PM,61762,2840.125,42.228
12/9/2015 5:00:00 PM,61762,3100.358,40.59
12/9/2015 6:00:00 PM,61762,3127.108,40.928
12/9/2015 7:00:00 PM,61762,3059.5,40.317
12/9/2015 8:00:00 PM,61762,2986.742,39.29
12/9/2015 9:00:00 PM,61762,2839.842,39.238
12/9/2015 10:00:00 PM,61762,2584.533,38.809
12/9/2015 11:00:00 PM,61762,2289.55,39.095
12/10/2015 12:00:00 AM,61762,2073.342,39.563
12/10/2015 1:00:00 AM,61762,1952.133,39.563
12/10/2015 2:00:00 AM,61762,1888.908,39.355
12/10/2015 3:00:00 AM,61762,1860.25,39.303
12/10/2015 4:00:00 AM,61762,1889.167,38.406
12/10/2015 5:00:00 AM,61762,2013.067,37.756
12/10/2015 6:00:00 AM,61762,2265.717,38.081
12/10/2015 7:00:00 AM,61762,2470.375,37.223
12/10/2015 8:00:00 AM,61762,2543.733,37.223
12/10/2015 9:00:00 AM,61762,2580.267,38.51
12/10/2015 10:00:00 AM,61762,2592.733,40.317
12/10/2015 11:00:00 AM,61762,2565.492,41.864
12/10/2015 12:00:00 PM,61762,2545.308,42.839
12/10/2015 1:00:00 PM,61762,2531.704,42.475
12/10/2015 2:00:00 PM,61762,2560.833,43.099
12/10/2015 3:00:00 PM,61762,2624.008,42.852
12/10/2015 4:00:00 PM,61762,2835.908,42.878
12/10/2015 5:00:00 PM,61762,3088.975,42.371
12/10/2015 6:00:00 PM,61762,3125.125,41.656
12/10/2015 7:00:00 PM,61762,3065.275,41.656
12/10/2015 8:00:00 PM,61762,2984.625,40.616
12/10/2015 9:00:00 PM,61762,2832.875,40.044
12/10/2015 10:00:00 PM,61762,2588.133,39.42
12/10/2015 11:00:00 PM,61762,2301.2,39.667
12/11/2015 12:00:00 AM,61762,2084.467,38.809
12/11/2015 1:00:00 AM,61762,1966.575,37.509
12/11/2015 2:00:00 AM,61762,1897.925,37.119
12/11/2015 3:00:00 AM,61762,1865.408,36.612
12/11/2015 4:00:00 AM,61762,1893.675,36.716
12/11/2015 5:00:00 AM,61762,2005.883,37.08
12/11/2015 6:00:00 AM,61762,2259.108,37.652
12/11/2015 7:00:00 AM,61762,2455.85,37.678
12/11/2015 8:00:00 AM,61762,2555.192,38.289
12/11/2015 9:00:00 AM,61762,2601.417,38.718
12/11/2015 10:00:00 AM,61762,2571.725,39.797
12/11/2015 11:00:00 AM,61762,2519.842,41.708
12/11/2015 12:00:00 PM,61762,2487.617,43.944
12/11/2015 1:00:00 PM,61762,2481.292,44.594
12/11/2015 2:00:00 PM,61762,2493.567,45.569
12/11/2015 3:00:00 PM,61762,2529.458,45.829
12/11/2015 4:00:00 PM,61762,2727.15,44.425
12/11/2015 5:00:00 PM,61762,3019.308,43.567
12/11/2015 6:00:00 PM,61762,3059.792,42.514
12/11/2015 7:00:00 PM,61762,2988.175,42.15
12/11/2015 8:00:00 PM,61762,2894.108,41.37
12/11/2015 9:00:00 PM,61762,2781.475,41.721
12/11/2015 10:00:00 PM,61762,2593.217,40.681
12/11/2015 11:00:00 PM,61762,2351.342,40.317
12/12/2015 12:00:00 AM,61762,2136.408,39.602
12/12/2015 1:00:00 AM,61762,1989.875,39.355
12/12/2015 2:00:00 AM,61762,1906.067,39.576
12/12/2015 3:00:00 AM,61762,1870.283,39.316
12/12/2015 4:00:00 AM,61762,1866.833,39.173
12/12/2015 5:00:00 AM,61762,1908.583,39.069
12/12/2015 6:00:00 AM,61762,2018.742,38.744
12/12/2015 7:00:00 AM,61762,2123.575,39.784
12/12/2015 8:00:00 AM,61762,2256.425,41.149
12/12/2015 9:00:00 AM,61762,2356.658,43.671
12/12/2015 10:00:00 AM,61762,2380.533,46.05
12/12/2015 11:00:00 AM,61762,2371.65,47.766
12/12/2015 12:00:00 PM,61762,2338.883,49.755
12/12/2015 1:00:00 PM,61762,2302.15,51.419
12/12/2015 2:00:00 PM,61762,2276.067,52.901
12/12/2015 3:00:00 PM,61762,2324.5,53.59
12/12/2015 4:00:00 PM,61762,2556.108,51.25
12/12/2015 5:00:00 PM,61762,2851.467,47.974
12/12/2015 6:00:00 PM,61762,2885.792,47.155
12/12/2015 7:00:00 PM,61762,2820.592,45.712
12/12/2015 8:00:00 PM,61762,2751.392,45.413
12/12/2015 9:00:00 PM,61762,2661.483,44.958
12/12/2015 10:00:00 PM,61762,2508.142,44.399
12/12/2015 11:00:00 PM,61762,2295.675,44.152
12/13/2015 12:00:00 AM,61762,2093.725,44.659
12/13/2015 1:00:00 AM,61762,1941.45,43.71
12/13/2015 2:00:00 AM,61762,1859.267,44.178
12/13/2015 3:00:00 AM,61762,1800.633,44.256
12/13/2015 4:00:00 AM,61762,1791.592,43.203
12/13/2015 5:00:00 AM,61762,1817.142,41.812
12/13/2015 6:00:00 AM,61762,,42.501
12/13/2015 7:00:00 AM,61762,,42.501
12/13/2015 8:00:00 AM,61762,,43.931
12/13/2015 9:00:00 AM,61762,,47.662
12/13/2015 10:00:00 AM,61762,,49.027
12/13/2015 11:00:00 AM,61762,,50.08
12/13/2015 12:00:00 PM,61762,,50.912
12/13/2015 1:00:00 PM,61762,,50.73
12/13/2015 2:00:00 PM,61762,,52.511
12/13/2015 3:00:00 PM,61762,,52.368
12/13/2015 4:00:00 PM,61762,,51.263
12/13/2015 5:00:00 PM,61762,,50.184
12/13/2015 6:00:00 PM,61762,,48.884
12/13/2015 7:00:00 PM,61762,,47.584
12/13/2015 8:00:00 PM,61762,,47.116
12/13/2015 9:00:00 PM,61762,,45.179
12/13/2015 10:00:00 PM,61762,,44.75
12/13/2015 11:00:00 PM,61762,,43.047
12/14/2015 12:00:00 AM,61762,,41.89
12/14/2015 1:00:00 AM,61762,,41.292
12/14/2015 2:00:00 AM,61762,,40.642
12/14/2015 3:00:00 AM,61762,,40.59
12/14/2015 4:00:00 AM,61762,,40.187
12/14/2015 5:00:00 AM,61762,,39.043
